"file","variable"
"D:/Users/martensn/BRAIN_DRAIN/Code/00_crosswalks.Rmd","directory"
"D:/Users/martensn/BRAIN_DRAIN/Code/00_crosswalks.Rmd","postfilename"
"D:/Users/martensn/BRAIN_DRAIN/Code/00_crosswalks.Rmd","cbsafilename"
"D:/Users/martensn/BRAIN_DRAIN/Code/00_crosswalks.Rmd","countyfilename"
"D:/Users/martensn/BRAIN_DRAIN/Code/00_crosswalks.Rmd","ctcountyfilename"
"D:/Users/martensn/BRAIN_DRAIN/Code/00_crosswalks.Rmd","superopeidfilename"
"D:/Users/martensn/BRAIN_DRAIN/Code/00_crosswalks.Rmd","opeidunitidfilename"
"D:/Users/martensn/BRAIN_DRAIN/Code/00_crosswalks.Rmd","Mode"
"D:/Users/martensn/BRAIN_DRAIN/Code/00_crosswalks.Rmd","x"
"D:/Users/martensn/BRAIN_DRAIN/Code/00_crosswalks.Rmd","na.rm"
"D:/Users/martensn/BRAIN_DRAIN/Code/00_crosswalks.Rmd","ux"
"D:/Users/martensn/BRAIN_DRAIN/Code/00_crosswalks.Rmd","%nin%"
"D:/Users/martensn/BRAIN_DRAIN/Code/00_crosswalks.Rmd","superope_ope_crosswalk"
"D:/Users/martensn/BRAIN_DRAIN/Code/00_crosswalks.Rmd","ope_unit_crosswalk"
"D:/Users/martensn/BRAIN_DRAIN/Code/00_crosswalks.Rmd","cbsa"
"D:/Users/martensn/BRAIN_DRAIN/Code/00_crosswalks.Rmd","raw_county"
"D:/Users/martensn/BRAIN_DRAIN/Code/00_crosswalks.Rmd","ct_county"
"D:/Users/martensn/BRAIN_DRAIN/Code/00_crosswalks.Rmd","county"
"D:/Users/martensn/BRAIN_DRAIN/Code/00_crosswalks.Rmd","county_full"
"D:/Users/martensn/BRAIN_DRAIN/Code/00_crosswalks.Rmd","cbsa_fips"
"D:/Users/martensn/BRAIN_DRAIN/Code/00_crosswalks.Rmd","addendum"
"D:/Users/martensn/BRAIN_DRAIN/Code/00_crosswalks.Rmd","cbsa_na"
"D:/Users/martensn/BRAIN_DRAIN/Code/00_crosswalks.Rmd","unified_cbsa"
"D:/Users/martensn/BRAIN_DRAIN/Code/00_crosswalks.Rmd","cbsa_code_name"
"D:/Users/martensn/BRAIN_DRAIN/Code/00_crosswalks.Rmd","unified_cbsa_name"
"D:/Users/martensn/BRAIN_DRAIN/Code/00_crosswalks.Rmd","nonmetros"
"D:/Users/martensn/BRAIN_DRAIN/Code/00_crosswalks.Rmd","metros"
"D:/Users/martensn/BRAIN_DRAIN/Code/00_crosswalks.Rmd","cbsa_li_crosswalk"
"D:/Users/martensn/BRAIN_DRAIN/Code/00_crosswalks.Rmd","institution_crosswalk"
"D:/Users/martensn/BRAIN_DRAIN/Code/00_crosswalks.Rmd","unitid_super_opeid_crosswalk"
"D:/Users/martensn/BRAIN_DRAIN/Code/00_crosswalks.Rmd","name_crosswalk_1"
"D:/Users/martensn/BRAIN_DRAIN/Code/00_crosswalks.Rmd","name_crosswalk_2"
"D:/Users/martensn/BRAIN_DRAIN/Code/00_crosswalks.Rmd","name_crosswalk_3"
"D:/Users/martensn/BRAIN_DRAIN/Code/01_shocks.Rmd","directory"
"D:/Users/martensn/BRAIN_DRAIN/Code/01_shocks.Rmd","eckertcbpfilename"
"D:/Users/martensn/BRAIN_DRAIN/Code/01_shocks.Rmd","cbp19filename"
"D:/Users/martensn/BRAIN_DRAIN/Code/01_shocks.Rmd","cbp20filename"
"D:/Users/martensn/BRAIN_DRAIN/Code/01_shocks.Rmd","cbp21filename"
"D:/Users/martensn/BRAIN_DRAIN/Code/01_shocks.Rmd","cbp22filename"
"D:/Users/martensn/BRAIN_DRAIN/Code/01_shocks.Rmd","share_year"
"D:/Users/martensn/BRAIN_DRAIN/Code/01_shocks.Rmd","cbp"
"D:/Users/martensn/BRAIN_DRAIN/Code/01_shocks.Rmd","cbp_cols"
"D:/Users/martensn/BRAIN_DRAIN/Code/01_shocks.Rmd","cbp22"
"D:/Users/martensn/BRAIN_DRAIN/Code/01_shocks.Rmd","cbp21"
"D:/Users/martensn/BRAIN_DRAIN/Code/01_shocks.Rmd","cbp20"
"D:/Users/martensn/BRAIN_DRAIN/Code/01_shocks.Rmd","cbp19"
"D:/Users/martensn/BRAIN_DRAIN/Code/01_shocks.Rmd","cbp_census"
"D:/Users/martensn/BRAIN_DRAIN/Code/01_shocks.Rmd","cbp_cbsa"
"D:/Users/martensn/BRAIN_DRAIN/Code/01_shocks.Rmd","cbp_nat"
"D:/Users/martensn/BRAIN_DRAIN/Code/01_shocks.Rmd","pct_change"
"D:/Users/martensn/BRAIN_DRAIN/Code/01_shocks.Rmd","x"
"D:/Users/martensn/BRAIN_DRAIN/Code/01_shocks.Rmd","raw_change"
"D:/Users/martensn/BRAIN_DRAIN/Code/01_shocks.Rmd","cols"
"D:/Users/martensn/BRAIN_DRAIN/Code/01_shocks.Rmd","cbp_nat_chg"
"D:/Users/martensn/BRAIN_DRAIN/Code/01_shocks.Rmd","shift_cols"
"D:/Users/martensn/BRAIN_DRAIN/Code/01_shocks.Rmd","shifts"
"D:/Users/martensn/BRAIN_DRAIN/Code/01_shocks.Rmd","w_share"
"D:/Users/martensn/BRAIN_DRAIN/Code/01_shocks.Rmd","shares"
"D:/Users/martensn/BRAIN_DRAIN/Code/01_shocks.Rmd","cbsa_shock"
"D:/Users/martensn/BRAIN_DRAIN/Code/01_shocks.Rmd","shock_cols"
"D:/Users/martensn/BRAIN_DRAIN/Code/01_shocks.Rmd","growth_cols"
"D:/Users/martensn/BRAIN_DRAIN/Code/01_shocks.Rmd","i"
"D:/Users/martensn/BRAIN_DRAIN/Code/01_shocks.Rmd","shock_lag_names"
"D:/Users/martensn/BRAIN_DRAIN/Code/01_shocks.Rmd","growth_lag_names"
"D:/Users/martensn/BRAIN_DRAIN/Code/01_shocks.Rmd","shock_avg_3_cols"
"D:/Users/martensn/BRAIN_DRAIN/Code/01_shocks.Rmd","shock_avg_5_cols"
"D:/Users/martensn/BRAIN_DRAIN/Code/01_shocks.Rmd","shock_avg_7_cols"
"D:/Users/martensn/BRAIN_DRAIN/Code/01_shocks.Rmd","growth_avg_3_cols"
"D:/Users/martensn/BRAIN_DRAIN/Code/01_shocks.Rmd","growth_avg_5_cols"
"D:/Users/martensn/BRAIN_DRAIN/Code/01_shocks.Rmd","growth_avg_7_cols"
"D:/Users/martensn/BRAIN_DRAIN/Code/01_shocks.Rmd","cbsa_shock_ptile"
"D:/Users/martensn/BRAIN_DRAIN/Code/01_shocks.Rmd","avg_3"
"D:/Users/martensn/BRAIN_DRAIN/Code/01_shocks.Rmd","avg_5"
"D:/Users/martensn/BRAIN_DRAIN/Code/01_shocks.Rmd","avg_7"
"D:/Users/martensn/BRAIN_DRAIN/Code/01_shocks.Rmd","avg_names"
"D:/Users/martensn/BRAIN_DRAIN/Code/02_col_chars.Rmd","Mode"
"D:/Users/martensn/BRAIN_DRAIN/Code/02_col_chars.Rmd","x"
"D:/Users/martensn/BRAIN_DRAIN/Code/02_col_chars.Rmd","na.rm"
"D:/Users/martensn/BRAIN_DRAIN/Code/02_col_chars.Rmd","ux"
"D:/Users/martensn/BRAIN_DRAIN/Code/02_col_chars.Rmd","directory"
"D:/Users/martensn/BRAIN_DRAIN/Code/02_col_chars.Rmd","aaufilename"
"D:/Users/martensn/BRAIN_DRAIN/Code/02_col_chars.Rmd","mobilityfilename"
"D:/Users/martensn/BRAIN_DRAIN/Code/02_col_chars.Rmd","cpi_base_year"
"D:/Users/martensn/BRAIN_DRAIN/Code/02_col_chars.Rmd","aau"
"D:/Users/martensn/BRAIN_DRAIN/Code/02_col_chars.Rmd","raw_institutions"
"D:/Users/martensn/BRAIN_DRAIN/Code/02_col_chars.Rmd","raw_acceptance"
"D:/Users/martensn/BRAIN_DRAIN/Code/02_col_chars.Rmd","raw_deg_award"
"D:/Users/martensn/BRAIN_DRAIN/Code/02_col_chars.Rmd","raw_mobility"
"D:/Users/martensn/BRAIN_DRAIN/Code/02_col_chars.Rmd","raw_finance"
"D:/Users/martensn/BRAIN_DRAIN/Code/02_col_chars.Rmd","raw_grad_rates"
"D:/Users/martensn/BRAIN_DRAIN/Code/02_col_chars.Rmd","raw_instate"
"D:/Users/martensn/BRAIN_DRAIN/Code/02_col_chars.Rmd","payload1"
"D:/Users/martensn/BRAIN_DRAIN/Code/02_col_chars.Rmd","payload2"
"D:/Users/martensn/BRAIN_DRAIN/Code/02_col_chars.Rmd","payload3"
"D:/Users/martensn/BRAIN_DRAIN/Code/02_col_chars.Rmd","response1"
"D:/Users/martensn/BRAIN_DRAIN/Code/02_col_chars.Rmd","deflator1"
"D:/Users/martensn/BRAIN_DRAIN/Code/02_col_chars.Rmd","response2"
"D:/Users/martensn/BRAIN_DRAIN/Code/02_col_chars.Rmd","deflator2"
"D:/Users/martensn/BRAIN_DRAIN/Code/02_col_chars.Rmd","response3"
"D:/Users/martensn/BRAIN_DRAIN/Code/02_col_chars.Rmd","deflator3"
"D:/Users/martensn/BRAIN_DRAIN/Code/02_col_chars.Rmd","deflator_combined"
"D:/Users/martensn/BRAIN_DRAIN/Code/02_col_chars.Rmd","cpi_annual"
"D:/Users/martensn/BRAIN_DRAIN/Code/02_col_chars.Rmd","base_cpi"
"D:/Users/martensn/BRAIN_DRAIN/Code/02_col_chars.Rmd","acceptance_grouped"
"D:/Users/martensn/BRAIN_DRAIN/Code/02_col_chars.Rmd","institutional_characteristics"
"D:/Users/martensn/BRAIN_DRAIN/Code/02_col_chars.Rmd","deg_award_total"
"D:/Users/martensn/BRAIN_DRAIN/Code/02_col_chars.Rmd","deg_award_detail"
"D:/Users/martensn/BRAIN_DRAIN/Code/02_col_chars.Rmd","deg_award"
"D:/Users/martensn/BRAIN_DRAIN/Code/02_col_chars.Rmd","recruitment"
"D:/Users/martensn/BRAIN_DRAIN/Code/02_col_chars.Rmd","recruitment_grouped"
"D:/Users/martensn/BRAIN_DRAIN/Code/02_col_chars.Rmd","unitid_super_opeid_crosswalk"
"D:/Users/martensn/BRAIN_DRAIN/Code/02_col_chars.Rmd","deg_award_super_opeid"
"D:/Users/martensn/BRAIN_DRAIN/Code/02_col_chars.Rmd","unit_super_opeid_weights"
"D:/Users/martensn/BRAIN_DRAIN/Code/02_col_chars.Rmd","mobility"
"D:/Users/martensn/BRAIN_DRAIN/Code/02_col_chars.Rmd","finance_recode"
"D:/Users/martensn/BRAIN_DRAIN/Code/02_col_chars.Rmd","finance"
"D:/Users/martensn/BRAIN_DRAIN/Code/02_col_chars.Rmd","grad_rates"
"D:/Users/martensn/BRAIN_DRAIN/Code/02_col_chars.Rmd","state_region_crosswalk"
"D:/Users/martensn/BRAIN_DRAIN/Code/02_hs_chars.Rmd","directory"
"D:/Users/martensn/BRAIN_DRAIN/Code/02_hs_chars.Rmd","pubfilename"
"D:/Users/martensn/BRAIN_DRAIN/Code/02_hs_chars.Rmd","privfilename"
"D:/Users/martensn/BRAIN_DRAIN/Code/02_hs_chars.Rmd","Mode"
"D:/Users/martensn/BRAIN_DRAIN/Code/02_hs_chars.Rmd","x"
"D:/Users/martensn/BRAIN_DRAIN/Code/02_hs_chars.Rmd","na.rm"
"D:/Users/martensn/BRAIN_DRAIN/Code/02_hs_chars.Rmd","ux"
"D:/Users/martensn/BRAIN_DRAIN/Code/02_hs_chars.Rmd","%nin%"
"D:/Users/martensn/BRAIN_DRAIN/Code/02_hs_chars.Rmd","public"
"D:/Users/martensn/BRAIN_DRAIN/Code/02_hs_chars.Rmd","private"
"D:/Users/martensn/BRAIN_DRAIN/Code/02_hs_chars.Rmd","public_hs"
"D:/Users/martensn/BRAIN_DRAIN/Code/02_hs_chars.Rmd","private_hs"
"D:/Users/martensn/BRAIN_DRAIN/Code/02_hs_chars.Rmd","leading_zero_zip"
"D:/Users/martensn/BRAIN_DRAIN/Code/02_hs_chars.Rmd","replacements"
"D:/Users/martensn/BRAIN_DRAIN/Code/02_hs_chars.Rmd","all_hs"
"D:/Users/martensn/BRAIN_DRAIN/Code/03_dedup_col.R","col_p5"
"D:/Users/martensn/BRAIN_DRAIN/Code/03_dedup_col.R","still"
"D:/Users/martensn/BRAIN_DRAIN/Code/03_li_ed.Rmd","directory"
"D:/Users/martensn/BRAIN_DRAIN/Code/03_li_ed.Rmd","edufilename1"
"D:/Users/martensn/BRAIN_DRAIN/Code/03_li_ed.Rmd","edufilename1edit"
"D:/Users/martensn/BRAIN_DRAIN/Code/03_li_ed.Rmd","edufilename2"
"D:/Users/martensn/BRAIN_DRAIN/Code/03_li_ed.Rmd","edutfilename2edit"
"D:/Users/martensn/BRAIN_DRAIN/Code/03_li_ed.Rmd","misfitscorrection"
"D:/Users/martensn/BRAIN_DRAIN/Code/03_li_ed.Rmd","%nin%"
"D:/Users/martensn/BRAIN_DRAIN/Code/03_li_ed.Rmd","ed_li1"
"D:/Users/martensn/BRAIN_DRAIN/Code/03_li_ed.Rmd","ed_li2"
"D:/Users/martensn/BRAIN_DRAIN/Code/03_li_ed.Rmd","ed_li"
"D:/Users/martensn/BRAIN_DRAIN/Code/03_li_ed.Rmd","ed_li_sample"
"D:/Users/martensn/BRAIN_DRAIN/Code/03_li_ed.Rmd","clean_university_names"
"D:/Users/martensn/BRAIN_DRAIN/Code/03_li_ed.Rmd","name"
"D:/Users/martensn/BRAIN_DRAIN/Code/03_li_ed.Rmd","contains_keywords"
"D:/Users/martensn/BRAIN_DRAIN/Code/03_li_ed.Rmd","pattern_1"
"D:/Users/martensn/BRAIN_DRAIN/Code/03_li_ed.Rmd","hs_match"
"D:/Users/martensn/BRAIN_DRAIN/Code/03_li_ed.Rmd","not_hs"
"D:/Users/martensn/BRAIN_DRAIN/Code/03_li_ed.Rmd","name_counts"
"D:/Users/martensn/BRAIN_DRAIN/Code/03_li_ed.Rmd","frequent_names"
"D:/Users/martensn/BRAIN_DRAIN/Code/03_li_ed.Rmd","merged1"
"D:/Users/martensn/BRAIN_DRAIN/Code/03_li_ed.Rmd","merged2"
"D:/Users/martensn/BRAIN_DRAIN/Code/03_li_ed.Rmd","col_match"
"D:/Users/martensn/BRAIN_DRAIN/Code/03_li_ed.Rmd","misfits"
"D:/Users/martensn/BRAIN_DRAIN/Code/03_li_ed.Rmd","misfit_counts"
"D:/Users/martensn/BRAIN_DRAIN/Code/03_li_ed.Rmd","misfits_correction"
"D:/Users/martensn/BRAIN_DRAIN/Code/03_li_ed.Rmd","merged3"
"D:/Users/martensn/BRAIN_DRAIN/Code/03_li_ed.Rmd","inst_counts"
"D:/Users/martensn/BRAIN_DRAIN/Code/03_li_ed.Rmd","replacements"
"D:/Users/martensn/BRAIN_DRAIN/Code/03_li_ed.Rmd","nces_alt_name"
"D:/Users/martensn/BRAIN_DRAIN/Code/03_li_ed.Rmd","college_names"
"D:/Users/martensn/BRAIN_DRAIN/Code/03_li_ed.Rmd","li_alt_name"
"D:/Users/martensn/BRAIN_DRAIN/Code/03_li_ed.Rmd","duplicated_hs"
"D:/Users/martensn/BRAIN_DRAIN/Code/03_li_ed.Rmd","stripped_hs"
"D:/Users/martensn/BRAIN_DRAIN/Code/03_li_ed.Rmd","still_hs"
"D:/Users/martensn/BRAIN_DRAIN/Code/03_li_ed.Rmd","col_users"
"D:/Users/martensn/BRAIN_DRAIN/Code/03_li_ed.Rmd","hs_users"
"D:/Users/martensn/BRAIN_DRAIN/Code/03_li_ed.Rmd","both"
"D:/Users/martensn/BRAIN_DRAIN/Code/03_li_ed.Rmd","transfer"
"D:/Users/martensn/BRAIN_DRAIN/Code/03_li_ed.Rmd","col_users_length"
"D:/Users/martensn/BRAIN_DRAIN/Code/03_li_ed.Rmd","both_hs_col_length"
"D:/Users/martensn/BRAIN_DRAIN/Code/04_li_ed_pos.Rmd","directory"
"D:/Users/martensn/BRAIN_DRAIN/Code/04_li_ed_pos.Rmd","posfilename1"
"D:/Users/martensn/BRAIN_DRAIN/Code/04_li_ed_pos.Rmd","posfilename2"
"D:/Users/martensn/BRAIN_DRAIN/Code/04_li_ed_pos.Rmd","posfilename3"
"D:/Users/martensn/BRAIN_DRAIN/Code/04_li_ed_pos.Rmd","msastringfilename"
"D:/Users/martensn/BRAIN_DRAIN/Code/04_li_ed_pos.Rmd","zipcodefilename"
"D:/Users/martensn/BRAIN_DRAIN/Code/04_li_ed_pos.Rmd","work_history_start"
"D:/Users/martensn/BRAIN_DRAIN/Code/04_li_ed_pos.Rmd","work_history_end"
"D:/Users/martensn/BRAIN_DRAIN/Code/04_li_ed_pos.Rmd","max_post_grad"
"D:/Users/martensn/BRAIN_DRAIN/Code/04_li_ed_pos.Rmd","min_post_grad"
"D:/Users/martensn/BRAIN_DRAIN/Code/04_li_ed_pos.Rmd","pos1"
"D:/Users/martensn/BRAIN_DRAIN/Code/04_li_ed_pos.Rmd","pos2"
"D:/Users/martensn/BRAIN_DRAIN/Code/04_li_ed_pos.Rmd","pos"
"D:/Users/martensn/BRAIN_DRAIN/Code/04_li_ed_pos.Rmd","position"
"D:/Users/martensn/BRAIN_DRAIN/Code/04_li_ed_pos.Rmd","full_position"
"D:/Users/martensn/BRAIN_DRAIN/Code/04_li_ed_pos.Rmd","pos_summary"
"D:/Users/martensn/BRAIN_DRAIN/Code/04_li_ed_pos.Rmd","both_col"
"D:/Users/martensn/BRAIN_DRAIN/Code/04_li_ed_pos.Rmd","both_hs"
"D:/Users/martensn/BRAIN_DRAIN/Code/04_li_ed_pos.Rmd","merge_col_hs"
"D:/Users/martensn/BRAIN_DRAIN/Code/04_li_ed_pos.Rmd","transfer"
"D:/Users/martensn/BRAIN_DRAIN/Code/04_li_ed_pos.Rmd","no_trans_merge_col_hs"
"D:/Users/martensn/BRAIN_DRAIN/Code/04_li_ed_pos.Rmd","trans_merge_col_hs"
"D:/Users/martensn/BRAIN_DRAIN/Code/04_li_ed_pos.Rmd","trans_length"
"D:/Users/martensn/BRAIN_DRAIN/Code/04_li_ed_pos.Rmd","trans_latest"
"D:/Users/martensn/BRAIN_DRAIN/Code/04_li_ed_pos.Rmd","trans_earliest"
"D:/Users/martensn/BRAIN_DRAIN/Code/04_li_ed_pos.Rmd","work_earliest"
"D:/Users/martensn/BRAIN_DRAIN/Code/04_li_ed_pos.Rmd","inst_zip"
"D:/Users/martensn/BRAIN_DRAIN/Code/04_li_ed_pos.Rmd","duplicated_hs_name"
"D:/Users/martensn/BRAIN_DRAIN/Code/04_li_ed_pos.Rmd","nondup"
"D:/Users/martensn/BRAIN_DRAIN/Code/04_li_ed_pos.Rmd","nd"
"D:/Users/martensn/BRAIN_DRAIN/Code/04_li_ed_pos.Rmd","anti_nd"
"D:/Users/martensn/BRAIN_DRAIN/Code/04_li_ed_pos.Rmd","anti_nd_freq"
"D:/Users/martensn/BRAIN_DRAIN/Code/04_li_ed_pos.Rmd","dup"
"D:/Users/martensn/BRAIN_DRAIN/Code/04_li_ed_pos.Rmd","d"
"D:/Users/martensn/BRAIN_DRAIN/Code/04_li_ed_pos.Rmd","dt_zips"
"D:/Users/martensn/BRAIN_DRAIN/Code/04_li_ed_pos.Rmd","birth_position"
"D:/Users/martensn/BRAIN_DRAIN/Code/04_li_ed_pos.Rmd","msa"
"D:/Users/martensn/BRAIN_DRAIN/Code/04_li_ed_pos.Rmd","cbsa_core"
"D:/Users/martensn/BRAIN_DRAIN/Code/04_li_ed_pos.Rmd","string_cleaning"
"D:/Users/martensn/BRAIN_DRAIN/Code/04_li_ed_pos.Rmd","patterns"
"D:/Users/martensn/BRAIN_DRAIN/Code/04_li_ed_pos.Rmd","replacements"
"D:/Users/martensn/BRAIN_DRAIN/Code/04_li_ed_pos.Rmd","li_core"
"D:/Users/martensn/BRAIN_DRAIN/Code/04_li_ed_pos.Rmd","no_work_location"
"D:/Users/martensn/BRAIN_DRAIN/Code/04_li_ed_pos.Rmd","non_chronological_work"
"D:/Users/martensn/BRAIN_DRAIN/Code/04_li_ed_pos.Rmd","no_work_date"
"D:/Users/martensn/BRAIN_DRAIN/Code/04_li_ed_pos.Rmd","startdate_before_enddate"
"D:/Users/martensn/BRAIN_DRAIN/Code/04_li_ed_pos.Rmd","start"
"D:/Users/martensn/BRAIN_DRAIN/Code/04_li_ed_pos.Rmd","end"
"D:/Users/martensn/BRAIN_DRAIN/Code/04_li_ed_pos.Rmd","interval"
"D:/Users/martensn/BRAIN_DRAIN/Code/04_li_ed_pos.Rmd","work_hist"
"D:/Users/martensn/BRAIN_DRAIN/Code/04_li_ed_pos.Rmd","std_pos"
"D:/Users/martensn/BRAIN_DRAIN/Code/04_li_ed_pos.Rmd","std_pos_geo"
"D:/Users/martensn/BRAIN_DRAIN/Code/04_li_ed_pos.Rmd","x"
"D:/Users/martensn/BRAIN_DRAIN/Code/04_li_ed_pos.Rmd","na.rm"
"D:/Users/martensn/BRAIN_DRAIN/Code/04_li_ed_pos.Rmd","ux"
"D:/Users/martensn/BRAIN_DRAIN/Code/04_li_ed_pos.Rmd","std_pos_soc"
"D:/Users/martensn/BRAIN_DRAIN/Code/04_li_ed_pos.Rmd","almost_completed"
"D:/Users/martensn/BRAIN_DRAIN/Code/04_li_ed_pos.Rmd","no_work_hist"
"D:/Users/martensn/BRAIN_DRAIN/Code/04_li_ed_pos.Rmd","col_state"
"D:/Users/martensn/BRAIN_DRAIN/Code/04_li_ed_pos.Rmd","completed"
"D:/Users/martensn/BRAIN_DRAIN/Code/04_li_ed_pos.Rmd","college_dne"
"D:/Users/martensn/BRAIN_DRAIN/Code/04_li_ed_pos.Rmd","cols"
"D:/Users/martensn/BRAIN_DRAIN/Code/04_li_ed_pos.Rmd","completed_melt"
"D:/Users/martensn/BRAIN_DRAIN/Code/04_li_ed_pos.Rmd","numerator"
"D:/Users/martensn/BRAIN_DRAIN/Code/05_merge.Rmd","directory"
"D:/Users/martensn/BRAIN_DRAIN/Code/05_merge.Rmd","zipcodefilename"
"D:/Users/martensn/BRAIN_DRAIN/Code/05_merge.Rmd","cpi_base_year"
"D:/Users/martensn/BRAIN_DRAIN/Code/05_merge.Rmd","min_post_grad"
"D:/Users/martensn/BRAIN_DRAIN/Code/05_merge.Rmd","max_post_grad"
"D:/Users/martensn/BRAIN_DRAIN/Code/05_merge.Rmd","raw_microdata"
"D:/Users/martensn/BRAIN_DRAIN/Code/05_merge.Rmd","col_cbsas"
"D:/Users/martensn/BRAIN_DRAIN/Code/05_merge.Rmd","get_mode"
"D:/Users/martensn/BRAIN_DRAIN/Code/05_merge.Rmd","x"
"D:/Users/martensn/BRAIN_DRAIN/Code/05_merge.Rmd","unique_x"
"D:/Users/martensn/BRAIN_DRAIN/Code/05_merge.Rmd","occp_prestige"
"D:/Users/martensn/BRAIN_DRAIN/Code/05_merge.Rmd","return_cbsa"
"D:/Users/martensn/BRAIN_DRAIN/Code/05_merge.Rmd","return_state"
"D:/Users/martensn/BRAIN_DRAIN/Code/05_merge.Rmd","year"
"D:/Users/martensn/BRAIN_DRAIN/Code/05_merge.Rmd","col_name"
"D:/Users/martensn/BRAIN_DRAIN/Code/05_merge.Rmd","cum_cols"
"D:/Users/martensn/BRAIN_DRAIN/Code/05_merge.Rmd","stock"
"D:/Users/martensn/BRAIN_DRAIN/Code/05_merge.Rmd","cumulative"
"D:/Users/martensn/BRAIN_DRAIN/Code/05_merge.Rmd","return_cbsa_temp"
"D:/Users/martensn/BRAIN_DRAIN/Code/05_merge.Rmd","return_state_temp"
"D:/Users/martensn/BRAIN_DRAIN/Code/05_merge.Rmd","return"
"D:/Users/martensn/BRAIN_DRAIN/Code/05_merge.Rmd","cols"
"D:/Users/martensn/BRAIN_DRAIN/Code/05_merge.Rmd","microdata"
"D:/Users/martensn/BRAIN_DRAIN/Code/05_merge.Rmd","level"
"D:/Users/martensn/BRAIN_DRAIN/Code/05_merge.Rmd","cbsa_col"
"D:/Users/martensn/BRAIN_DRAIN/Code/05_merge.Rmd","state_col"
"D:/Users/martensn/BRAIN_DRAIN/Code/05_merge.Rmd","comparison_matrix"
"D:/Users/martensn/BRAIN_DRAIN/Code/05_merge.Rmd","col"
"D:/Users/martensn/BRAIN_DRAIN/Code/05_merge.Rmd","match_indices"
"D:/Users/martensn/BRAIN_DRAIN/Code/05_merge.Rmd","levels"
"D:/Users/martensn/BRAIN_DRAIN/Code/05_merge.Rmd","geos"
"D:/Users/martensn/BRAIN_DRAIN/Code/05_merge.Rmd","ranges"
"D:/Users/martensn/BRAIN_DRAIN/Code/05_merge.Rmd","groups"
"D:/Users/martensn/BRAIN_DRAIN/Code/05_merge.Rmd","return_results"
"D:/Users/martensn/BRAIN_DRAIN/Code/05_merge.Rmd","geo"
"D:/Users/martensn/BRAIN_DRAIN/Code/05_merge.Rmd","conditions"
"D:/Users/martensn/BRAIN_DRAIN/Code/05_merge.Rmd","range"
"D:/Users/martensn/BRAIN_DRAIN/Code/05_merge.Rmd","cond_str"
"D:/Users/martensn/BRAIN_DRAIN/Code/05_merge.Rmd","i"
"D:/Users/martensn/BRAIN_DRAIN/Code/05_merge.Rmd","return_by_year"
"D:/Users/martensn/BRAIN_DRAIN/Code/05_merge.Rmd","birth_outliers"
"D:/Users/martensn/BRAIN_DRAIN/Code/05_merge.Rmd","territory_hs_col"
"D:/Users/martensn/BRAIN_DRAIN/Code/05_merge.Rmd","hs_zip"
"D:/Users/martensn/BRAIN_DRAIN/Code/05_merge.Rmd","dt_zips"
"D:/Users/martensn/BRAIN_DRAIN/Code/05_merge.Rmd","bls_occupation_filename"
"D:/Users/martensn/BRAIN_DRAIN/Code/05_merge.Rmd","bls_education_filename"
"D:/Users/martensn/BRAIN_DRAIN/Code/05_merge.Rmd","occupational_prestige_filename"
"D:/Users/martensn/BRAIN_DRAIN/Code/05_merge.Rmd","raw_prestige"
"D:/Users/martensn/BRAIN_DRAIN/Code/05_merge.Rmd","soc_educ"
"D:/Users/martensn/BRAIN_DRAIN/Code/05_merge.Rmd","raw_occp"
"D:/Users/martensn/BRAIN_DRAIN/Code/05_merge.Rmd","soc_labels"
"D:/Users/martensn/BRAIN_DRAIN/Code/05_merge.Rmd","soc_2_labels"
"D:/Users/martensn/BRAIN_DRAIN/Code/05_merge.Rmd","soc_3_labels"
"D:/Users/martensn/BRAIN_DRAIN/Code/05_merge.Rmd","soc_occp"
"D:/Users/martensn/BRAIN_DRAIN/Code/05_merge.Rmd","microdata_socp"
"D:/Users/martensn/BRAIN_DRAIN/Code/05_merge.Rmd","micro_socp"
"D:/Users/martensn/BRAIN_DRAIN/Code/05_merge.Rmd","misfit_socp_list"
"D:/Users/martensn/BRAIN_DRAIN/Code/05_merge.Rmd","soc_full"
"D:/Users/martensn/BRAIN_DRAIN/Code/05_merge.Rmd","prestige_imputation_3"
"D:/Users/martensn/BRAIN_DRAIN/Code/05_merge.Rmd","prestige_imputation_2"
"D:/Users/martensn/BRAIN_DRAIN/Code/05_merge.Rmd","misfit_socp"
"D:/Users/martensn/BRAIN_DRAIN/Code/05_merge.Rmd","total_workers"
"D:/Users/martensn/BRAIN_DRAIN/Code/05_merge.Rmd","workers_per_bin"
"D:/Users/martensn/BRAIN_DRAIN/Code/05_merge.Rmd","soc_ba"
"D:/Users/martensn/BRAIN_DRAIN/Code/05_merge.Rmd","soc_merge"
"D:/Users/martensn/BRAIN_DRAIN/Code/05_merge.Rmd","teacher_recodes"
"D:/Users/martensn/BRAIN_DRAIN/Code/05_merge.Rmd","cumulative_weights"
"D:/Users/martensn/BRAIN_DRAIN/Code/05_merge.Rmd","soc_recodes"
"D:/Users/martensn/BRAIN_DRAIN/Code/05_merge.Rmd","soc_li_dist"
"D:/Users/martensn/BRAIN_DRAIN/Code/05_merge.Rmd","microdata_sample"
"D:/Users/martensn/BRAIN_DRAIN/Code/05_merge.Rmd","patterns_list"
"D:/Users/martensn/BRAIN_DRAIN/Code/05_merge.Rmd","pattern_cols"
"D:/Users/martensn/BRAIN_DRAIN/Code/05_merge.Rmd","pat"
"D:/Users/martensn/BRAIN_DRAIN/Code/05_merge.Rmd","selected_cols"
"D:/Users/martensn/BRAIN_DRAIN/Code/06_finalize_data.Rmd","directory"
"D:/Users/martensn/BRAIN_DRAIN/Code/06_finalize_data.Rmd","specification"
"D:/Users/martensn/BRAIN_DRAIN/Code/06_finalize_data.Rmd","cohort_list"
"D:/Users/martensn/BRAIN_DRAIN/Code/06_finalize_data.Rmd","cohorts"
"D:/Users/martensn/BRAIN_DRAIN/Code/06_finalize_data.Rmd","geos"
"D:/Users/martensn/BRAIN_DRAIN/Code/06_finalize_data.Rmd","avgs"
"D:/Users/martensn/BRAIN_DRAIN/Code/06_finalize_data.Rmd","migration_ends"
"D:/Users/martensn/BRAIN_DRAIN/Code/06_finalize_data.Rmd","norm"
"D:/Users/martensn/BRAIN_DRAIN/Code/06_finalize_data.Rmd","stage"
"D:/Users/martensn/BRAIN_DRAIN/Code/06_finalize_data.Rmd","shock_lbl"
"D:/Users/martensn/BRAIN_DRAIN/Code/06_finalize_data.Rmd","num_bins"
"D:/Users/martensn/BRAIN_DRAIN/Code/06_finalize_data.Rmd","universes"
"D:/Users/martensn/BRAIN_DRAIN/Code/06_finalize_data.Rmd","microdata"
"D:/Users/martensn/BRAIN_DRAIN/Code/06_finalize_data.Rmd","regression"
"D:/Users/martensn/BRAIN_DRAIN/Code/06_finalize_data.Rmd","dist_bins"
"D:/Users/martensn/BRAIN_DRAIN/Code/06_finalize_data.Rmd","inst_group"
"D:/Users/martensn/BRAIN_DRAIN/Code/06_finalize_data.Rmd","na_count"
"D:/Users/martensn/BRAIN_DRAIN/Code/06_finalize_data.Rmd","x"
"D:/Users/martensn/BRAIN_DRAIN/Code/06_finalize_data.Rmd","missing_inst_group"
"D:/Users/martensn/BRAIN_DRAIN/Code/06_finalize_data.Rmd","measure_return"
"D:/Users/martensn/BRAIN_DRAIN/Code/06_finalize_data.Rmd","data"
"D:/Users/martensn/BRAIN_DRAIN/Code/06_finalize_data.Rmd","reference_col"
"D:/Users/martensn/BRAIN_DRAIN/Code/06_finalize_data.Rmd","output_col"
"D:/Users/martensn/BRAIN_DRAIN/Code/06_finalize_data.Rmd","column_prefix"
"D:/Users/martensn/BRAIN_DRAIN/Code/06_finalize_data.Rmd","max"
"D:/Users/martensn/BRAIN_DRAIN/Code/06_finalize_data.Rmd","equality"
"D:/Users/martensn/BRAIN_DRAIN/Code/06_finalize_data.Rmd","matches"
"D:/Users/martensn/BRAIN_DRAIN/Code/06_finalize_data.Rmd","inequality"
"D:/Users/martensn/BRAIN_DRAIN/Code/06_finalize_data.Rmd","no_matches"
"D:/Users/martensn/BRAIN_DRAIN/Code/06_finalize_data.Rmd","has_data"
"D:/Users/martensn/BRAIN_DRAIN/Code/06_finalize_data.Rmd","measure_leave"
"D:/Users/martensn/BRAIN_DRAIN/Code/06_finalize_data.Rmd","cohort_return_hs"
"D:/Users/martensn/BRAIN_DRAIN/Code/06_finalize_data.Rmd","cohort_return_col"
"D:/Users/martensn/BRAIN_DRAIN/Code/06_finalize_data.Rmd","leaver_levels_state"
"D:/Users/martensn/BRAIN_DRAIN/Code/06_finalize_data.Rmd","leaver_levels_cbsa"
"D:/Users/martensn/BRAIN_DRAIN/Code/06_finalize_data.Rmd","complete_cols"
"D:/Users/martensn/BRAIN_DRAIN/Code/06_finalize_data.Rmd","institutional_characteristics"
"D:/Users/martensn/BRAIN_DRAIN/Code/06_finalize_data.Rmd","state_region_crosswalk"
"D:/Users/martensn/BRAIN_DRAIN/Code/06_finalize_data.Rmd","cohort_x_grad"
"D:/Users/martensn/BRAIN_DRAIN/Code/06_finalize_data.Rmd","sample_means"
"D:/Users/martensn/BRAIN_DRAIN/Code/06_finalize_data.Rmd","sample_chetty"
"D:/Users/martensn/BRAIN_DRAIN/Code/06_finalize_data.Rmd","sample_inst_group"
"D:/Users/martensn/BRAIN_DRAIN/Code/06_finalize_data.Rmd","sample_quantiles"
"D:/Users/martensn/BRAIN_DRAIN/Code/06_finalize_data.Rmd","sample_regions"
"D:/Users/martensn/BRAIN_DRAIN/Code/06_finalize_data.Rmd","shr_eng"
"D:/Users/martensn/BRAIN_DRAIN/Code/06_finalize_data.Rmd","shr_bus"
"D:/Users/martensn/BRAIN_DRAIN/Code/06_finalize_data.Rmd","sample_values"
"D:/Users/martensn/BRAIN_DRAIN/Code/06_finalize_data.Rmd","restrict_means"
"D:/Users/martensn/BRAIN_DRAIN/Code/06_finalize_data.Rmd","restrict_chetty"
"D:/Users/martensn/BRAIN_DRAIN/Code/06_finalize_data.Rmd","restrict_inst_group"
"D:/Users/martensn/BRAIN_DRAIN/Code/06_finalize_data.Rmd","restrict_quantiles"
"D:/Users/martensn/BRAIN_DRAIN/Code/06_finalize_data.Rmd","restrict_regions"
"D:/Users/martensn/BRAIN_DRAIN/Code/06_finalize_data.Rmd","restrict_values"
"D:/Users/martensn/BRAIN_DRAIN/Code/06_finalize_data.Rmd","outsample_means"
"D:/Users/martensn/BRAIN_DRAIN/Code/06_finalize_data.Rmd","outsample_chetty"
"D:/Users/martensn/BRAIN_DRAIN/Code/06_finalize_data.Rmd","outsample_inst_group"
"D:/Users/martensn/BRAIN_DRAIN/Code/06_finalize_data.Rmd","outsample_quantiles"
"D:/Users/martensn/BRAIN_DRAIN/Code/06_finalize_data.Rmd","outsample_regions"
"D:/Users/martensn/BRAIN_DRAIN/Code/06_finalize_data.Rmd","outsample_values"
"D:/Users/martensn/BRAIN_DRAIN/Code/07_regressions.Rmd","directory"
"D:/Users/martensn/BRAIN_DRAIN/Code/07_regressions.Rmd","specification"
"D:/Users/martensn/BRAIN_DRAIN/Code/07_regressions.Rmd","geos"
"D:/Users/martensn/BRAIN_DRAIN/Code/07_regressions.Rmd","dep_var"
"D:/Users/martensn/BRAIN_DRAIN/Code/07_regressions.Rmd","avgs"
"D:/Users/martensn/BRAIN_DRAIN/Code/07_regressions.Rmd","migration_ends"
"D:/Users/martensn/BRAIN_DRAIN/Code/07_regressions.Rmd","norm"
"D:/Users/martensn/BRAIN_DRAIN/Code/07_regressions.Rmd","stage"
"D:/Users/martensn/BRAIN_DRAIN/Code/07_regressions.Rmd","shock_lbl"
"D:/Users/martensn/BRAIN_DRAIN/Code/07_regressions.Rmd","num_bins"
"D:/Users/martensn/BRAIN_DRAIN/Code/07_regressions.Rmd","universes"
"D:/Users/martensn/BRAIN_DRAIN/Code/07_regressions.Rmd","generate_labels"
"D:/Users/martensn/BRAIN_DRAIN/Code/07_regressions.Rmd","var_prefixes"
"D:/Users/martensn/BRAIN_DRAIN/Code/07_regressions.Rmd","inst_groups"
"D:/Users/martensn/BRAIN_DRAIN/Code/07_regressions.Rmd","labels_list"
"D:/Users/martensn/BRAIN_DRAIN/Code/07_regressions.Rmd","var_prefix"
"D:/Users/martensn/BRAIN_DRAIN/Code/07_regressions.Rmd","labels"
"D:/Users/martensn/BRAIN_DRAIN/Code/07_regressions.Rmd","controls"
"D:/Users/martensn/BRAIN_DRAIN/Code/07_regressions.Rmd","control_lbl"
"D:/Users/martensn/BRAIN_DRAIN/Code/07_regressions.Rmd","output_instate"
"D:/Users/martensn/BRAIN_DRAIN/Code/07_regressions.Rmd","output_dist"
"D:/Users/martensn/BRAIN_DRAIN/Code/07_regressions.Rmd","hs_vars"
"D:/Users/martensn/BRAIN_DRAIN/Code/07_regressions.Rmd","col_vars"
"D:/Users/martensn/BRAIN_DRAIN/Code/07_regressions.Rmd","hs_output_vars"
"D:/Users/martensn/BRAIN_DRAIN/Code/07_regressions.Rmd","col_output_vars"
"D:/Users/martensn/BRAIN_DRAIN/Code/07_regressions.Rmd","output_distance"
"D:/Users/martensn/BRAIN_DRAIN/Code/07_regressions.Rmd","interactions"
"D:/Users/martensn/BRAIN_DRAIN/Code/07_regressions.Rmd","basic_pattern"
"D:/Users/martensn/BRAIN_DRAIN/Code/07_regressions.Rmd","hs_pattern"
"D:/Users/martensn/BRAIN_DRAIN/Code/07_regressions.Rmd","col_pattern"
"D:/Users/martensn/BRAIN_DRAIN/Code/07_regressions.Rmd","interactions_lbl"
"D:/Users/martensn/BRAIN_DRAIN/Code/07_regressions.Rmd","label"
"D:/Users/martensn/BRAIN_DRAIN/Code/07_regressions.Rmd","nestedlist"
"D:/Users/martensn/BRAIN_DRAIN/Code/07_regressions.Rmd","models"
"D:/Users/martensn/BRAIN_DRAIN/Code/07_regressions.Rmd","models_info"
"D:/Users/martensn/BRAIN_DRAIN/Code/07_regressions.Rmd","stay_stats"
"D:/Users/martensn/BRAIN_DRAIN/Code/07_regressions.Rmd","leave_hs_stats"
"D:/Users/martensn/BRAIN_DRAIN/Code/07_regressions.Rmd","leave_col_stats"
"D:/Users/martensn/BRAIN_DRAIN/Code/07_regressions.Rmd","captions"
"D:/Users/martensn/BRAIN_DRAIN/Code/07_regressions.Rmd","a"
"D:/Users/martensn/BRAIN_DRAIN/Code/07_regressions.Rmd","model_info"
"D:/Users/martensn/BRAIN_DRAIN/Code/07_regressions.Rmd","early_filt"
"D:/Users/martensn/BRAIN_DRAIN/Code/07_regressions.Rmd","late_filt"
"D:/Users/martensn/BRAIN_DRAIN/Code/07_regressions.Rmd","u"
"D:/Users/martensn/BRAIN_DRAIN/Code/07_regressions.Rmd","data"
"D:/Users/martensn/BRAIN_DRAIN/Code/07_regressions.Rmd","instrument_cols"
"D:/Users/martensn/BRAIN_DRAIN/Code/07_regressions.Rmd","covariates"
"D:/Users/martensn/BRAIN_DRAIN/Code/07_regressions.Rmd","stayer_form"
"D:/Users/martensn/BRAIN_DRAIN/Code/07_regressions.Rmd","stayer_first"
"D:/Users/martensn/BRAIN_DRAIN/Code/07_regressions.Rmd","leaver_form"
"D:/Users/martensn/BRAIN_DRAIN/Code/07_regressions.Rmd","leaver_first"
"D:/Users/martensn/BRAIN_DRAIN/Code/07_regressions.Rmd","coef_dict"
"D:/Users/martensn/BRAIN_DRAIN/Code/07_regressions.Rmd","group_semi_elasticities"
"D:/Users/martensn/BRAIN_DRAIN/Code/07_regressions.Rmd","coef_data"
"D:/Users/martensn/BRAIN_DRAIN/Code/07_regressions.Rmd","h"
"D:/Users/martensn/BRAIN_DRAIN/Code/07_regressions.Rmd","m"
"D:/Users/martensn/BRAIN_DRAIN/Code/07_regressions.Rmd","n"
"D:/Users/martensn/BRAIN_DRAIN/Code/07_regressions.Rmd","d"
"D:/Users/martensn/BRAIN_DRAIN/Code/07_regressions.Rmd","mean_y_row"
"D:/Users/martensn/BRAIN_DRAIN/Code/07_regressions.Rmd","s"
"D:/Users/martensn/BRAIN_DRAIN/Code/07_regressions.Rmd","hs_var"
"D:/Users/martensn/BRAIN_DRAIN/Code/07_regressions.Rmd","col_var"
"D:/Users/martensn/BRAIN_DRAIN/Code/07_regressions.Rmd","current_stay"
"D:/Users/martensn/BRAIN_DRAIN/Code/07_regressions.Rmd","current_hs"
"D:/Users/martensn/BRAIN_DRAIN/Code/07_regressions.Rmd","current_col"
"D:/Users/martensn/BRAIN_DRAIN/Code/07_regressions.Rmd","formula"
"D:/Users/martensn/BRAIN_DRAIN/Code/07_regressions.Rmd","f"
"D:/Users/martensn/BRAIN_DRAIN/Code/07_regressions.Rmd","form"
"D:/Users/martensn/BRAIN_DRAIN/Code/07_regressions.Rmd","model"
"D:/Users/martensn/BRAIN_DRAIN/Code/07_regressions.Rmd","mean_y"
"D:/Users/martensn/BRAIN_DRAIN/Code/07_regressions.Rmd","model_key"
"D:/Users/martensn/BRAIN_DRAIN/Code/07_regressions.Rmd","hs_coef"
"D:/Users/martensn/BRAIN_DRAIN/Code/07_regressions.Rmd","col_coef"
"D:/Users/martensn/BRAIN_DRAIN/Code/07_regressions.Rmd","inst"
"D:/Users/martensn/BRAIN_DRAIN/Code/07_regressions.Rmd","in_state"
"D:/Users/martensn/BRAIN_DRAIN/Code/07_regressions.Rmd","inst_coef"
"D:/Users/martensn/BRAIN_DRAIN/Code/07_regressions.Rmd","in_state_coef"
"D:/Users/martensn/BRAIN_DRAIN/Code/07_regressions.Rmd","interaction_coef"
"D:/Users/martensn/BRAIN_DRAIN/Code/07_regressions.Rmd","hs_group_semi"
"D:/Users/martensn/BRAIN_DRAIN/Code/07_regressions.Rmd","col_group_semi"
"D:/Users/martensn/BRAIN_DRAIN/Code/07_regressions.Rmd","tsls_models"
"D:/Users/martensn/BRAIN_DRAIN/Code/07_regressions.Rmd","semi_cbsa"
"D:/Users/martensn/BRAIN_DRAIN/Code/07_regressions.Rmd","predictions_cbsa"
"D:/Users/martensn/BRAIN_DRAIN/Code/07_regressions.Rmd","predictions_state"
"D:/Users/martensn/BRAIN_DRAIN/Code/07_regressions.Rmd","cbsa_shock_ptile"
"D:/Users/martensn/BRAIN_DRAIN/Code/07_regressions.Rmd","empir_cbsa"
"D:/Users/martensn/BRAIN_DRAIN/Code/07_regressions.Rmd","diff_cbsa"
"D:/Users/martensn/BRAIN_DRAIN/Code/07_regressions.Rmd","differences"
"D:/Users/martensn/BRAIN_DRAIN/Code/08_data_generation.Rmd","directory"
"D:/Users/martensn/BRAIN_DRAIN/Code/08_data_generation.Rmd","fraction_cohort"
"D:/Users/martensn/BRAIN_DRAIN/Code/08_data_generation.Rmd","li_deg_awarded"
"D:/Users/martensn/BRAIN_DRAIN/Code/08_data_generation.Rmd","probs"
"D:/Users/martensn/BRAIN_DRAIN/Code/08_data_generation.Rmd","density_sam"
"D:/Users/martensn/BRAIN_DRAIN/Code/08_data_generation.Rmd","dens_sam"
"D:/Users/martensn/BRAIN_DRAIN/Code/08_data_generation.Rmd","quantiles_sam"
"D:/Users/martensn/BRAIN_DRAIN/Code/08_data_generation.Rmd","quant_sam"
"D:/Users/martensn/BRAIN_DRAIN/Code/08_data_generation.Rmd","local_stocks"
"D:/Users/martensn/BRAIN_DRAIN/Code/08_data_generation.Rmd","state_stocks"
"D:/Users/martensn/BRAIN_DRAIN/Code/08_data_generation.Rmd","li_inst"
"D:/Users/martensn/BRAIN_DRAIN/Code/08_data_generation.Rmd","inst_group"
"D:/Users/martensn/BRAIN_DRAIN/Code/08_data_generation.Rmd","occp_inst_group"
"D:/Users/martensn/BRAIN_DRAIN/Code/08_data_generation.Rmd","occp_inst_group_counts"
"D:/Users/martensn/BRAIN_DRAIN/Code/08_data_generation.Rmd","instate_li"
"D:/Users/martensn/BRAIN_DRAIN/Code/08_data_generation.Rmd","regression_od"
"D:/Users/martensn/BRAIN_DRAIN/Code/08_data_generation.Rmd","origin_cbsa"
"D:/Users/martensn/BRAIN_DRAIN/Code/08_data_generation.Rmd","destination_cbsa"
"D:/Users/martensn/BRAIN_DRAIN/Code/08_data_generation.Rmd","od_cbsa"
"D:/Users/martensn/BRAIN_DRAIN/Code/08_data_generation.Rmd","net_cbsa"
"D:/Users/martensn/BRAIN_DRAIN/Code/08_data_generation.Rmd","origin_state"
"D:/Users/martensn/BRAIN_DRAIN/Code/08_data_generation.Rmd","destination_state"
"D:/Users/martensn/BRAIN_DRAIN/Code/08_data_generation.Rmd","od_state"
"D:/Users/martensn/BRAIN_DRAIN/Code/08_data_generation.Rmd","net_state"
"D:/Users/martensn/BRAIN_DRAIN/Code/08_data_generation.Rmd","return_levels_state"
"D:/Users/martensn/BRAIN_DRAIN/Code/08_data_generation.Rmd","return_levels_cbsa"
"D:/Users/martensn/BRAIN_DRAIN/Code/08_data_generation.Rmd","newcomers_cbsa"
"D:/Users/martensn/BRAIN_DRAIN/Code/08_data_generation.Rmd","local_ties_cbsa"
"D:/Users/martensn/BRAIN_DRAIN/Code/08_data_generation.Rmd","natives_cbsa"
"D:/Users/martensn/BRAIN_DRAIN/Code/08_data_generation.Rmd","count_cols"
"D:/Users/martensn/BRAIN_DRAIN/Code/08_data_generation.Rmd","x"
"D:/Users/martensn/BRAIN_DRAIN/Code/08_data_generation.Rmd","newcomers_state"
"D:/Users/martensn/BRAIN_DRAIN/Code/08_data_generation.Rmd","local_ties_state"
"D:/Users/martensn/BRAIN_DRAIN/Code/08_data_generation.Rmd","natives_state"
"D:/Users/martensn/BRAIN_DRAIN/Code/08_data_generation.Rmd","col_order"
"D:/Users/martensn/BRAIN_DRAIN/Code/08_data_generation.Rmd","inst_levels"
"D:/Users/martensn/BRAIN_DRAIN/Code/08_data_generation.Rmd","inst_levels_cbsa"
"D:/Users/martensn/BRAIN_DRAIN/Code/08_data_generation.Rmd","inst_levels_state"
"D:/Users/martensn/BRAIN_DRAIN/Code/08_data_generation.Rmd","iv_cols"
"D:/Users/martensn/BRAIN_DRAIN/Code/08_data_generation.Rmd","b"
"D:/Users/martensn/BRAIN_DRAIN/Code/08_data_generation.Rmd","h"
"D:/Users/martensn/BRAIN_DRAIN/Code/08_data_generation.Rmd","data"
"D:/Users/martensn/BRAIN_DRAIN/Code/08_data_generation.Rmd","col"
"D:/Users/martensn/BRAIN_DRAIN/Code/08_data_generation.Rmd","bin_shares"
"D:/Users/martensn/BRAIN_DRAIN/Code/08_data_generation.Rmd","bin_col_name"
"D:/Users/martensn/BRAIN_DRAIN/Code/08_data_generation.Rmd","bin_share"
"D:/Users/martensn/BRAIN_DRAIN/Code/08_data_generation.Rmd","all_bin_shares"
"D:/Users/martensn/BRAIN_DRAIN/Code/08_data_generation.Rmd","all_bin_filename"
"D:/Users/martensn/BRAIN_DRAIN/Code/08_data_generation.Rmd","cbsa_returns"
"D:/Users/martensn/BRAIN_DRAIN/Code/08_data_generation.Rmd","bin"
"D:/Users/martensn/BRAIN_DRAIN/Code/08_data_generation.Rmd","bin_filename"
"D:/Users/martensn/BRAIN_DRAIN/Code/08_data_generation.Rmd","total_result"
"D:/Users/martensn/BRAIN_DRAIN/Code/08_data_generation.Rmd","filter_condition"
"D:/Users/martensn/BRAIN_DRAIN/Code/08_data_generation.Rmd","returner_result"
"D:/Users/martensn/BRAIN_DRAIN/Code/08_data_generation.Rmd","hs_shock_year_state"
"D:/Users/martensn/BRAIN_DRAIN/Code/08_data_generation.Rmd","hs_shock_year_cbsa"
"D:/Users/martensn/BRAIN_DRAIN/Code/08_data_generation.Rmd","regression_sample"
"D:/Users/martensn/BRAIN_DRAIN/Code/08_data_generation.Rmd","reside_long"
"D:/Users/martensn/BRAIN_DRAIN/Code/08_data_generation.Rmd","reside_panel"
"D:/Users/martensn/BRAIN_DRAIN/Code/08_data_generation.Rmd","in_migrants"
"D:/Users/martensn/BRAIN_DRAIN/Code/08_data_generation.Rmd","out_migrants"
"D:/Users/martensn/BRAIN_DRAIN/Code/08_data_generation.Rmd","ds"
"D:/Users/martensn/BRAIN_DRAIN/Code/08_data_generation.Rmd","dyn"
"D:/Users/martensn/BRAIN_DRAIN/Code/08_data_generation.Rmd","dynamic"
"D:/Users/martensn/BRAIN_DRAIN/Code/08_data_generation.Rmd","total"
"D:/Users/martensn/BRAIN_DRAIN/Code/08_data_generation.Rmd","tie_stocks"
"D:/Users/martensn/BRAIN_DRAIN/Code/08_data_generation.Rmd","problems"
"D:/Users/martensn/BRAIN_DRAIN/Code/08_data_generation.Rmd","differences"
"D:/Users/martensn/BRAIN_DRAIN/Code/08_data_generation.Rmd","destinations"
"D:/Users/martensn/BRAIN_DRAIN/Code/08_data_generation.Rmd","migrant_universe"
"D:/Users/martensn/BRAIN_DRAIN/Code/08_data_generation.Rmd","complier_chars"
"D:/Users/martensn/BRAIN_DRAIN/Code/08_data_generation.Rmd","preferred_values"
"D:/Users/martensn/BRAIN_DRAIN/Code/08_data_generation.Rmd","compliers"
"D:/Users/martensn/BRAIN_DRAIN/Code/08_data_generation.Rmd","i"
"D:/Users/martensn/BRAIN_DRAIN/Code/08_data_generation.Rmd","char_col"
"D:/Users/martensn/BRAIN_DRAIN/Code/08_data_generation.Rmd","preferred_val"
"D:/Users/martensn/BRAIN_DRAIN/Code/08_data_generation.Rmd","treatment_col"
"D:/Users/martensn/BRAIN_DRAIN/Code/08_data_generation.Rmd","sample_mean"
"D:/Users/martensn/BRAIN_DRAIN/Code/08_data_generation.Rmd","universe_mean"
"D:/Users/martensn/BRAIN_DRAIN/Code/08_data_generation.Rmd","compliers_data"
"D:/Users/martensn/BRAIN_DRAIN/Code/08_data_generation.Rmd","formula"
"D:/Users/martensn/BRAIN_DRAIN/Code/08_data_generation.Rmd","model"
"D:/Users/martensn/BRAIN_DRAIN/Code/08_data_generation.Rmd","compliers_output"
"D:/Users/martensn/BRAIN_DRAIN/Code/08_data_generation.Rmd","xc"
"D:/Users/martensn/BRAIN_DRAIN/Code/09b_plots_old.Rmd","directory"
"D:/Users/martensn/BRAIN_DRAIN/Code/09b_plots_old.Rmd","hei"
"D:/Users/martensn/BRAIN_DRAIN/Code/09b_plots_old.Rmd","wid"
"D:/Users/martensn/BRAIN_DRAIN/Code/09b_plots_old.Rmd","dpi"
"D:/Users/martensn/BRAIN_DRAIN/Code/09b_plots_old.Rmd","bkgrnd"
"D:/Users/martensn/BRAIN_DRAIN/Code/09b_plots_old.Rmd","unit"
"D:/Users/martensn/BRAIN_DRAIN/Code/09b_plots_old.Rmd","geos"
"D:/Users/martensn/BRAIN_DRAIN/Code/09b_plots_old.Rmd","diverging_colors"
"D:/Users/martensn/BRAIN_DRAIN/Code/09b_plots_old.Rmd","prestige_bin_colors"
"D:/Users/martensn/BRAIN_DRAIN/Code/09b_plots_old.Rmd","inst_group_colors"
"D:/Users/martensn/BRAIN_DRAIN/Code/09b_plots_old.Rmd","monotonic_colors"
"D:/Users/martensn/BRAIN_DRAIN/Code/09b_plots_old.Rmd","return_colors"
"D:/Users/martensn/BRAIN_DRAIN/Code/09b_plots_old.Rmd","%nin%"
"D:/Users/martensn/BRAIN_DRAIN/Code/09b_plots_old.Rmd","roi_bar"
"D:/Users/martensn/BRAIN_DRAIN/Code/09b_plots_old.Rmd","custom_colors"
"D:/Users/martensn/BRAIN_DRAIN/Code/09b_plots_old.Rmd","in_hs_cols"
"D:/Users/martensn/BRAIN_DRAIN/Code/09b_plots_old.Rmd","in_state_cols"
"D:/Users/martensn/BRAIN_DRAIN/Code/09b_plots_old.Rmd","survivorship"
"D:/Users/martensn/BRAIN_DRAIN/Code/09b_plots_old.Rmd","residence_cols"
"D:/Users/martensn/BRAIN_DRAIN/Code/09b_plots_old.Rmd","x"
"D:/Users/martensn/BRAIN_DRAIN/Code/09b_plots_old.Rmd","relevant_cols"
"D:/Users/martensn/BRAIN_DRAIN/Code/09b_plots_old.Rmd","reshaped_cbsa"
"D:/Users/martensn/BRAIN_DRAIN/Code/09b_plots_old.Rmd","omission_plot"
"D:/Users/martensn/BRAIN_DRAIN/Code/09b_plots_old.Rmd","omission_distribution"
"D:/Users/martensn/BRAIN_DRAIN/Code/09b_plots_old.Rmd","same_state"
"D:/Users/martensn/BRAIN_DRAIN/Code/09b_plots_old.Rmd","birthplace_map"
"D:/Users/martensn/BRAIN_DRAIN/Code/09b_plots_old.Rmd","cbsa_dist"
"D:/Users/martensn/BRAIN_DRAIN/Code/09b_plots_old.Rmd","dist_map"
"D:/Users/martensn/BRAIN_DRAIN/Code/09b_plots_old.Rmd","covariate"
"D:/Users/martensn/BRAIN_DRAIN/Code/09b_plots_old.Rmd","geo_analysis1"
"D:/Users/martensn/BRAIN_DRAIN/Code/09b_plots_old.Rmd","geo_analysis2"
"D:/Users/martensn/BRAIN_DRAIN/Code/09b_plots_old.Rmd","age_ed"
"D:/Users/martensn/BRAIN_DRAIN/Code/09b_plots_old.Rmd","Mode"
"D:/Users/martensn/BRAIN_DRAIN/Code/09b_plots_old.Rmd","ux"
"D:/Users/martensn/BRAIN_DRAIN/Code/09b_plots_old.Rmd","cbsa_mode"
"D:/Users/martensn/BRAIN_DRAIN/Code/09b_plots_old.Rmd","culled"
"D:/Users/martensn/BRAIN_DRAIN/Code/09b_plots_old.Rmd","age_cbsa"
"D:/Users/martensn/BRAIN_DRAIN/Code/09b_plots_old.Rmd","cbsa18"
"D:/Users/martensn/BRAIN_DRAIN/Code/09b_plots_old.Rmd","cbsa25"
"D:/Users/martensn/BRAIN_DRAIN/Code/09b_plots_old.Rmd","cbsa35"
"D:/Users/martensn/BRAIN_DRAIN/Code/09b_plots_old.Rmd","cbsa45"
"D:/Users/martensn/BRAIN_DRAIN/Code/09b_plots_old.Rmd","cbsa65"
"D:/Users/martensn/BRAIN_DRAIN/Code/09b_plots_old.Rmd","numerator"
"D:/Users/martensn/BRAIN_DRAIN/Code/09b_plots_old.Rmd","fraction_long"
"D:/Users/martensn/BRAIN_DRAIN/Code/09b_plots_old.Rmd","fraction"
"D:/Users/martensn/BRAIN_DRAIN/Code/09b_plots_old.Rmd","violin"
"D:/Users/martensn/BRAIN_DRAIN/Code/09b_plots_old.Rmd","age_medians"
"D:/Users/martensn/BRAIN_DRAIN/Code/09b_plots_old.Rmd","prime_age"
"D:/Users/martensn/BRAIN_DRAIN/Code/09b_plots_old.Rmd","pa_map"
"D:/Users/martensn/BRAIN_DRAIN/Code/09b_plots_old.Rmd","dorling_data"
"D:/Users/martensn/BRAIN_DRAIN/Code/09b_plots_old.Rmd","pa_dorling"
"D:/Users/martensn/BRAIN_DRAIN/Code/09b_plots_old.Rmd","oos_count"
"D:/Users/martensn/BRAIN_DRAIN/Code/09b_plots_old.Rmd","oos_dist_long"
"D:/Users/martensn/BRAIN_DRAIN/Code/09b_plots_old.Rmd","oos_totals"
"D:/Users/martensn/BRAIN_DRAIN/Code/09b_plots_old.Rmd","oos_dist_wide"
"D:/Users/martensn/BRAIN_DRAIN/Code/09b_plots_old.Rmd","is_count"
"D:/Users/martensn/BRAIN_DRAIN/Code/09b_plots_old.Rmd","is_dist_long"
"D:/Users/martensn/BRAIN_DRAIN/Code/09b_plots_old.Rmd","is_totals"
"D:/Users/martensn/BRAIN_DRAIN/Code/09b_plots_old.Rmd","is_dist_wide"
"D:/Users/martensn/BRAIN_DRAIN/Code/09b_plots_old.Rmd","microdata"
"D:/Users/martensn/BRAIN_DRAIN/Code/09b_plots_old.Rmd","iv_cols"
"D:/Users/martensn/BRAIN_DRAIN/Code/09b_plots_old.Rmd","num_bins"
"D:/Users/martensn/BRAIN_DRAIN/Code/09b_plots_old.Rmd","bin_shares"
"D:/Users/martensn/BRAIN_DRAIN/Code/09b_plots_old.Rmd","col"
"D:/Users/martensn/BRAIN_DRAIN/Code/09b_plots_old.Rmd","bin_col_name"
"D:/Users/martensn/BRAIN_DRAIN/Code/09b_plots_old.Rmd","bin_share"
"D:/Users/martensn/BRAIN_DRAIN/Code/09b_plots_old.Rmd","all_bin_shares"
"D:/Users/martensn/BRAIN_DRAIN/Code/09b_plots_old.Rmd","bin_composition"
"D:/Users/martensn/BRAIN_DRAIN/Code/09b_plots_old.Rmd","cbsa_returns"
"D:/Users/martensn/BRAIN_DRAIN/Code/09b_plots_old.Rmd","cbsa_name"
"D:/Users/martensn/BRAIN_DRAIN/Code/09b_plots_old.Rmd","bin"
"D:/Users/martensn/BRAIN_DRAIN/Code/09b_plots_old.Rmd","col_order"
"D:/Users/martensn/BRAIN_DRAIN/Code/09b_plots_old.Rmd","inst_levels"
"D:/Users/martensn/BRAIN_DRAIN/Code/09b_plots_old.Rmd","inst_levels_cbsa"
"D:/Users/martensn/BRAIN_DRAIN/Code/09b_plots_old.Rmd","inst_levels_state"
"D:/Users/martensn/BRAIN_DRAIN/Code/09b_plots_old.Rmd","median_distance"
"D:/Users/martensn/BRAIN_DRAIN/Code/09b_plots_old.Rmd","quantifying_quantiles1"
"D:/Users/martensn/BRAIN_DRAIN/Code/09b_plots_old.Rmd","quantifying_quantiles3"
"D:/Users/martensn/BRAIN_DRAIN/Code/09b_plots_old.Rmd","quantifying_quantiles5"
"D:/Users/martensn/BRAIN_DRAIN/Code/09b_plots_old.Rmd","quantifying_quantiles7"
"D:/Users/martensn/BRAIN_DRAIN/Code/09b_plots_old.Rmd","quantifying_quantiles"
"D:/Users/martensn/BRAIN_DRAIN/Code/09b_plots_old.Rmd","differences"
"D:/Users/martensn/BRAIN_DRAIN/Code/09b_plots_old.Rmd","differences_unfilt"
"D:/Users/martensn/BRAIN_DRAIN/Code/09b_plots_old.Rmd","lt_cbsa"
"D:/Users/martensn/BRAIN_DRAIN/Code/09b_plots_old.Rmd","diff_map"
"D:/Users/martensn/BRAIN_DRAIN/Code/09b_plots_old.Rmd","diff_dorling"
"D:/Users/martensn/BRAIN_DRAIN/Code/09b_plots_old.Rmd","net_cbsa"
"D:/Users/martensn/BRAIN_DRAIN/Code/09b_plots_old.Rmd","net_cbsa_map"
"D:/Users/martensn/BRAIN_DRAIN/Code/09b_plots_old.Rmd","dorling_rpu"
"D:/Users/martensn/BRAIN_DRAIN/Code/09b_plots_old.Rmd","dorling_pf"
"D:/Users/martensn/BRAIN_DRAIN/Code/09b_plots_old.Rmd","dorling_private"
"D:/Users/martensn/BRAIN_DRAIN/Code/09b_plots_old.Rmd","net_cbsa_dorling"
"D:/Users/martensn/BRAIN_DRAIN/Code/09b_plots_old.Rmd","net_state"
"D:/Users/martensn/BRAIN_DRAIN/Code/09b_plots_old.Rmd","net_state_map"
"D:/Users/martensn/BRAIN_DRAIN/Code/09b_plots_old.Rmd","net_state_dorling"
"D:/Users/martensn/BRAIN_DRAIN/Code/09b_plots_old.Rmd","net_cbsa_state"
"D:/Users/martensn/BRAIN_DRAIN/Code/09b_plots_old.Rmd","dorling_cbsa"
"D:/Users/martensn/BRAIN_DRAIN/Code/09b_plots_old.Rmd","dorling_state"
"D:/Users/martensn/BRAIN_DRAIN/Code/09b_plots_old.Rmd","net_cbsa_state_dorling"
"D:/Users/martensn/BRAIN_DRAIN/Code/09_plots.Rmd","census_key"
"D:/Users/martensn/BRAIN_DRAIN/Code/09_plots.Rmd","directory"
"D:/Users/martensn/BRAIN_DRAIN/Code/09_plots.Rmd","specification"
"D:/Users/martensn/BRAIN_DRAIN/Code/09_plots.Rmd","cohort_list"
"D:/Users/martensn/BRAIN_DRAIN/Code/09_plots.Rmd","cohorts"
"D:/Users/martensn/BRAIN_DRAIN/Code/09_plots.Rmd","hei"
"D:/Users/martensn/BRAIN_DRAIN/Code/09_plots.Rmd","wid"
"D:/Users/martensn/BRAIN_DRAIN/Code/09_plots.Rmd","dpi"
"D:/Users/martensn/BRAIN_DRAIN/Code/09_plots.Rmd","bkgrnd"
"D:/Users/martensn/BRAIN_DRAIN/Code/09_plots.Rmd","unit"
"D:/Users/martensn/BRAIN_DRAIN/Code/09_plots.Rmd","geos"
"D:/Users/martensn/BRAIN_DRAIN/Code/09_plots.Rmd","diverging_colors"
"D:/Users/martensn/BRAIN_DRAIN/Code/09_plots.Rmd","prestige_bin_colors"
"D:/Users/martensn/BRAIN_DRAIN/Code/09_plots.Rmd","inst_group_colors"
"D:/Users/martensn/BRAIN_DRAIN/Code/09_plots.Rmd","monotonic_colors"
"D:/Users/martensn/BRAIN_DRAIN/Code/09_plots.Rmd","return_colors"
"D:/Users/martensn/BRAIN_DRAIN/Code/09_plots.Rmd","%nin%"
"D:/Users/martensn/BRAIN_DRAIN/Code/09_plots.Rmd","observation_accounting"
"D:/Users/martensn/BRAIN_DRAIN/Code/09_plots.Rmd","li_soc"
"D:/Users/martensn/BRAIN_DRAIN/Code/09_plots.Rmd","soc_ba"
"D:/Users/martensn/BRAIN_DRAIN/Code/09_plots.Rmd","soc_2"
"D:/Users/martensn/BRAIN_DRAIN/Code/09_plots.Rmd","soc_model"
"D:/Users/martensn/BRAIN_DRAIN/Code/09_plots.Rmd","soc_model_sum"
"D:/Users/martensn/BRAIN_DRAIN/Code/09_plots.Rmd","soc_r_sq"
"D:/Users/martensn/BRAIN_DRAIN/Code/09_plots.Rmd","soc_coefficients"
"D:/Users/martensn/BRAIN_DRAIN/Code/09_plots.Rmd","soc_intercept"
"D:/Users/martensn/BRAIN_DRAIN/Code/09_plots.Rmd","soc_slope"
"D:/Users/martensn/BRAIN_DRAIN/Code/09_plots.Rmd","soc_std_err"
"D:/Users/martensn/BRAIN_DRAIN/Code/09_plots.Rmd","soc_equation"
"D:/Users/martensn/BRAIN_DRAIN/Code/09_plots.Rmd","soc_r_squared"
"D:/Users/martensn/BRAIN_DRAIN/Code/09_plots.Rmd","soc_std_error"
"D:/Users/martensn/BRAIN_DRAIN/Code/09_plots.Rmd","largest_occp"
"D:/Users/martensn/BRAIN_DRAIN/Code/09_plots.Rmd","occp_h"
"D:/Users/martensn/BRAIN_DRAIN/Code/09_plots.Rmd","occp_m"
"D:/Users/martensn/BRAIN_DRAIN/Code/09_plots.Rmd","occp_inst_group_counts"
"D:/Users/martensn/BRAIN_DRAIN/Code/09_plots.Rmd","oi"
"D:/Users/martensn/BRAIN_DRAIN/Code/09_plots.Rmd","raw_return"
"D:/Users/martensn/BRAIN_DRAIN/Code/09_plots.Rmd","inst_weights"
"D:/Users/martensn/BRAIN_DRAIN/Code/09_plots.Rmd","inst_return"
"D:/Users/martensn/BRAIN_DRAIN/Code/09_plots.Rmd","inst_return_long"
"D:/Users/martensn/BRAIN_DRAIN/Code/09_plots.Rmd","inst_return_long_occp"
"D:/Users/martensn/BRAIN_DRAIN/Code/09_plots.Rmd","return_by_year"
"D:/Users/martensn/BRAIN_DRAIN/Code/09_plots.Rmd","net_cbsa"
"D:/Users/martensn/BRAIN_DRAIN/Code/09_plots.Rmd","net_state"
"D:/Users/martensn/BRAIN_DRAIN/Code/09_plots.Rmd","eb_shrink_fixed"
"D:/Users/martensn/BRAIN_DRAIN/Code/09_plots.Rmd","data"
"D:/Users/martensn/BRAIN_DRAIN/Code/09_plots.Rmd","data_clean"
"D:/Users/martensn/BRAIN_DRAIN/Code/09_plots.Rmd","problem_rows"
"D:/Users/martensn/BRAIN_DRAIN/Code/09_plots.Rmd","temp_data"
"D:/Users/martensn/BRAIN_DRAIN/Code/09_plots.Rmd","rates"
"D:/Users/martensn/BRAIN_DRAIN/Code/09_plots.Rmd","sizes"
"D:/Users/martensn/BRAIN_DRAIN/Code/09_plots.Rmd","weighted_mean"
"D:/Users/martensn/BRAIN_DRAIN/Code/09_plots.Rmd","variance_obs"
"D:/Users/martensn/BRAIN_DRAIN/Code/09_plots.Rmd","sampling_var"
"D:/Users/martensn/BRAIN_DRAIN/Code/09_plots.Rmd","prior_var"
"D:/Users/martensn/BRAIN_DRAIN/Code/09_plots.Rmd","weights"
"D:/Users/martensn/BRAIN_DRAIN/Code/09_plots.Rmd","shrinkage_estimates"
"D:/Users/martensn/BRAIN_DRAIN/Code/09_plots.Rmd","net_cbsa_shrunk"
"D:/Users/martensn/BRAIN_DRAIN/Code/09_plots.Rmd","net_state_shrunk"
"D:/Users/martensn/BRAIN_DRAIN/Code/09_plots.Rmd","net_cbsa_map"
"D:/Users/martensn/BRAIN_DRAIN/Code/09_plots.Rmd","net_state_map"
"D:/Users/martensn/BRAIN_DRAIN/Code/09_plots.Rmd","net_cbsa_state"
"D:/Users/martensn/BRAIN_DRAIN/Code/09_plots.Rmd","dorling_cbsa"
"D:/Users/martensn/BRAIN_DRAIN/Code/09_plots.Rmd","dorling_state"
"D:/Users/martensn/BRAIN_DRAIN/Code/09_plots.Rmd","net_cbsa_state_dorling"
"D:/Users/martensn/BRAIN_DRAIN/Code/09_plots.Rmd","net_cbsa_state_full"
"D:/Users/martensn/BRAIN_DRAIN/Code/09_plots.Rmd","return_levels_cbsa"
"D:/Users/martensn/BRAIN_DRAIN/Code/09_plots.Rmd","return_levels"
"D:/Users/martensn/BRAIN_DRAIN/Code/09_plots.Rmd","leaver_levels_ig"
"D:/Users/martensn/BRAIN_DRAIN/Code/09_plots.Rmd","raw_ll"
"D:/Users/martensn/BRAIN_DRAIN/Code/09_plots.Rmd","ll_i"
"D:/Users/martensn/BRAIN_DRAIN/Code/09_plots.Rmd","leaver_levels"
"D:/Users/martensn/BRAIN_DRAIN/Code/09_plots.Rmd","ll"
"D:/Users/martensn/BRAIN_DRAIN/Code/09_plots.Rmd","migration_colors"
"D:/Users/martensn/BRAIN_DRAIN/Code/09_plots.Rmd","cw"
"D:/Users/martensn/BRAIN_DRAIN/Code/09_plots.Rmd","local_ties_cbsa"
"D:/Users/martensn/BRAIN_DRAIN/Code/09_plots.Rmd","local_ties_state"
"D:/Users/martensn/BRAIN_DRAIN/Code/09_plots.Rmd","local_ties_cbsa_map"
"D:/Users/martensn/BRAIN_DRAIN/Code/09_plots.Rmd","local_ties_state_map"
"D:/Users/martensn/BRAIN_DRAIN/Code/09_plots.Rmd","extremes"
"D:/Users/martensn/BRAIN_DRAIN/Code/09_plots.Rmd","extremes_map"
"D:/Users/martensn/BRAIN_DRAIN/Code/09_plots.Rmd","local_ties_extreme"
"D:/Users/martensn/BRAIN_DRAIN/Code/09_plots.Rmd","raw_instate"
"D:/Users/martensn/BRAIN_DRAIN/Code/09_plots.Rmd","instate_li"
"D:/Users/martensn/BRAIN_DRAIN/Code/09_plots.Rmd","instate"
"D:/Users/martensn/BRAIN_DRAIN/Code/09_plots.Rmd","destination_cbsa"
"D:/Users/martensn/BRAIN_DRAIN/Code/09_plots.Rmd","destination_state"
"D:/Users/martensn/BRAIN_DRAIN/Code/09_plots.Rmd","institutional_characteristics"
"D:/Users/martensn/BRAIN_DRAIN/Code/09_plots.Rmd","gotg_degree"
"D:/Users/martensn/BRAIN_DRAIN/Code/09_plots.Rmd","gotg"
"D:/Users/martensn/BRAIN_DRAIN/Code/09_plots.Rmd","gotg_max"
"D:/Users/martensn/BRAIN_DRAIN/Code/09_plots.Rmd","gotg_merged"
"D:/Users/martensn/BRAIN_DRAIN/Code/09_plots.Rmd","dest_model"
"D:/Users/martensn/BRAIN_DRAIN/Code/09_plots.Rmd","orig_model"
"D:/Users/martensn/BRAIN_DRAIN/Code/09_plots.Rmd","dest_model_sum"
"D:/Users/martensn/BRAIN_DRAIN/Code/09_plots.Rmd","orig_model_sum"
"D:/Users/martensn/BRAIN_DRAIN/Code/09_plots.Rmd","dest_r_sq"
"D:/Users/martensn/BRAIN_DRAIN/Code/09_plots.Rmd","orig_r_sq"
"D:/Users/martensn/BRAIN_DRAIN/Code/09_plots.Rmd","dest_coefficients"
"D:/Users/martensn/BRAIN_DRAIN/Code/09_plots.Rmd","orig_coefficients"
"D:/Users/martensn/BRAIN_DRAIN/Code/09_plots.Rmd","dest_intercept"
"D:/Users/martensn/BRAIN_DRAIN/Code/09_plots.Rmd","dest_slope"
"D:/Users/martensn/BRAIN_DRAIN/Code/09_plots.Rmd","dest_std_err"
"D:/Users/martensn/BRAIN_DRAIN/Code/09_plots.Rmd","orig_intercept"
"D:/Users/martensn/BRAIN_DRAIN/Code/09_plots.Rmd","orig_slope"
"D:/Users/martensn/BRAIN_DRAIN/Code/09_plots.Rmd","orig_std_err"
"D:/Users/martensn/BRAIN_DRAIN/Code/09_plots.Rmd","dest_equation"
"D:/Users/martensn/BRAIN_DRAIN/Code/09_plots.Rmd","dest_r_squared"
"D:/Users/martensn/BRAIN_DRAIN/Code/09_plots.Rmd","dest_std_error"
"D:/Users/martensn/BRAIN_DRAIN/Code/09_plots.Rmd","orig_equation"
"D:/Users/martensn/BRAIN_DRAIN/Code/09_plots.Rmd","orig_r_squared"
"D:/Users/martensn/BRAIN_DRAIN/Code/09_plots.Rmd","orig_std_error"
"D:/Users/martensn/BRAIN_DRAIN/Code/09_plots.Rmd","li_inst"
"D:/Users/martensn/BRAIN_DRAIN/Code/09_plots.Rmd","ipeds_inst"
"D:/Users/martensn/BRAIN_DRAIN/Code/09_plots.Rmd","inst"
"D:/Users/martensn/BRAIN_DRAIN/Code/09_plots.Rmd","inst_model"
"D:/Users/martensn/BRAIN_DRAIN/Code/09_plots.Rmd","inst_model_sum"
"D:/Users/martensn/BRAIN_DRAIN/Code/09_plots.Rmd","inst_r_sq"
"D:/Users/martensn/BRAIN_DRAIN/Code/09_plots.Rmd","inst_coefficients"
"D:/Users/martensn/BRAIN_DRAIN/Code/09_plots.Rmd","inst_intercept"
"D:/Users/martensn/BRAIN_DRAIN/Code/09_plots.Rmd","inst_slope"
"D:/Users/martensn/BRAIN_DRAIN/Code/09_plots.Rmd","inst_std_err"
"D:/Users/martensn/BRAIN_DRAIN/Code/09_plots.Rmd","inst_equation"
"D:/Users/martensn/BRAIN_DRAIN/Code/09_plots.Rmd","inst_r_squared"
"D:/Users/martensn/BRAIN_DRAIN/Code/09_plots.Rmd","inst_std_error"
"D:/Users/martensn/BRAIN_DRAIN/Code/09_plots.Rmd","coef_data"
"D:/Users/martensn/BRAIN_DRAIN/Code/09_plots.Rmd","differences"
"D:/Users/martensn/BRAIN_DRAIN/Code/09_plots.Rmd","lt_cbsa"
"D:/Users/martensn/BRAIN_DRAIN/Code/09_plots.Rmd","diff_map"
"D:/Users/martensn/BRAIN_DRAIN/Code/09_plots.Rmd","diff_map_shrunk"
"D:/Users/martensn/BRAIN_DRAIN/Code/09_plots.Rmd","num_bins"
"D:/Users/martensn/BRAIN_DRAIN/Code/09_plots.Rmd","leaver_colors"
"D:/Users/martensn/BRAIN_DRAIN/Code/09_plots.Rmd","occp_prestige"
"D:/Users/martensn/BRAIN_DRAIN/Code/09_plots.Rmd","b"
"D:/Users/martensn/BRAIN_DRAIN/Code/09_plots.Rmd","h"
"D:/Users/martensn/BRAIN_DRAIN/Code/09_plots.Rmd","returner_data"
"D:/Users/martensn/BRAIN_DRAIN/Code/09_plots.Rmd","returner_inst"
"D:/Users/martensn/BRAIN_DRAIN/Code/09_plots.Rmd","returner_occp"
"D:/Users/martensn/BRAIN_DRAIN/Code/09_plots.Rmd","bar_theme"
"D:/Users/martensn/BRAIN_DRAIN/Code/09_plots.Rmd","bar_guides"
"D:/Users/martensn/BRAIN_DRAIN/Code/09_plots.Rmd","returner"
"D:/Users/martensn/BRAIN_DRAIN/Code/09_plots.Rmd","raw_semi"
"D:/Users/martensn/BRAIN_DRAIN/Code/09_plots.Rmd","pooled_instate"
"D:/Users/martensn/BRAIN_DRAIN/Code/09_plots.Rmd","semi"
"D:/Users/martensn/BRAIN_DRAIN/Code/09_plots.Rmd","semielasticity_colors"
"D:/Users/martensn/BRAIN_DRAIN/Code/09_plots.Rmd","boe"
"D:/Users/martensn/BRAIN_DRAIN/Code/09_plots.Rmd","old_return_prob"
"D:/Users/martensn/BRAIN_DRAIN/Code/09_plots.Rmd","new_return_prob"
"D:/Users/martensn/BRAIN_DRAIN/Code/09_plots.Rmd","prob_increase"
"D:/Users/martensn/BRAIN_DRAIN/Code/09_plots.Rmd","envelope"
"D:/Users/martensn/BRAIN_DRAIN/Code/09_plots.Rmd","raw_lm"
"D:/Users/martensn/BRAIN_DRAIN/Code/09_plots.Rmd","lm"
"D:/Users/martensn/BRAIN_DRAIN/Code/09_plots.Rmd","lm_cs"
"D:/Users/martensn/BRAIN_DRAIN/Code/09_plots.Rmd","envelope_long"
"D:/Users/martensn/BRAIN_DRAIN/Code/09_plots.Rmd","envelope_not_pooled"
"D:/Users/martensn/BRAIN_DRAIN/Code/09_plots.Rmd","envelope_pooled"
"D:/Users/martensn/BRAIN_DRAIN/Code/09_plots.Rmd","national_cost"
"D:/Users/martensn/BRAIN_DRAIN/Code/09_plots.Rmd","national_row"
"D:/Users/martensn/BRAIN_DRAIN/Code/09_plots.Rmd","env"
"D:/Users/martensn/BRAIN_DRAIN/Code/09_plots.Rmd","hs_shock_year_cbsa"
"D:/Users/martensn/BRAIN_DRAIN/Code/09_plots.Rmd","hs_yr_cbsa"
"D:/Users/martensn/BRAIN_DRAIN/Code/09_plots.Rmd","hs_shock_year_state"
"D:/Users/martensn/BRAIN_DRAIN/Code/09_plots.Rmd","hs_yr_state"
"D:/Users/martensn/BRAIN_DRAIN/Code/09_plots.Rmd","tie_stocks"
"D:/Users/martensn/BRAIN_DRAIN/Code/09_plots.Rmd","cbsa_shock"
"D:/Users/martensn/BRAIN_DRAIN/Code/09_plots.Rmd","shock_cols"
"D:/Users/martensn/BRAIN_DRAIN/Code/09_plots.Rmd","cbsa_cols"
"D:/Users/martensn/BRAIN_DRAIN/Code/09_plots.Rmd","unlag_cols"
"D:/Users/martensn/BRAIN_DRAIN/Code/09_plots.Rmd","unlagged"
"D:/Users/martensn/BRAIN_DRAIN/Code/09_plots.Rmd","var"
"D:/Users/martensn/BRAIN_DRAIN/Code/09_plots.Rmd","lag"
"D:/Users/martensn/BRAIN_DRAIN/Code/09_plots.Rmd","start_year"
"D:/Users/martensn/BRAIN_DRAIN/Code/09_plots.Rmd","end_year"
"D:/Users/martensn/BRAIN_DRAIN/Code/09_plots.Rmd","lagged"
"D:/Users/martensn/BRAIN_DRAIN/Code/09_plots.Rmd","vars"
"D:/Users/martensn/BRAIN_DRAIN/Code/09_plots.Rmd","var_model"
"D:/Users/martensn/BRAIN_DRAIN/Code/09_plots.Rmd","irf_results"
"D:/Users/martensn/BRAIN_DRAIN/Code/09_plots.Rmd","irf_df"
"D:/Users/martensn/BRAIN_DRAIN/Code/09_plots.Rmd","t0_values"
"D:/Users/martensn/BRAIN_DRAIN/Code/09_plots.Rmd","irf_shr"
"D:/Users/martensn/BRAIN_DRAIN/Code/09_plots.Rmd","hs_cbsa_10"
"D:/Users/martensn/BRAIN_DRAIN/Code/09_plots.Rmd","col_cbsa_10"
"D:/Users/martensn/BRAIN_DRAIN/Code/09_plots.Rmd","hs_model"
"D:/Users/martensn/BRAIN_DRAIN/Code/09_plots.Rmd","col_model"
"D:/Users/martensn/BRAIN_DRAIN/Code/09_plots.Rmd","hs_model_sum"
"D:/Users/martensn/BRAIN_DRAIN/Code/09_plots.Rmd","col_model_sum"
"D:/Users/martensn/BRAIN_DRAIN/Code/09_plots.Rmd","hs_r_sq"
"D:/Users/martensn/BRAIN_DRAIN/Code/09_plots.Rmd","col_r_sq"
"D:/Users/martensn/BRAIN_DRAIN/Code/09_plots.Rmd","hs_coefficients"
"D:/Users/martensn/BRAIN_DRAIN/Code/09_plots.Rmd","col_coefficients"
"D:/Users/martensn/BRAIN_DRAIN/Code/09_plots.Rmd","hs_intercept"
"D:/Users/martensn/BRAIN_DRAIN/Code/09_plots.Rmd","hs_slope"
"D:/Users/martensn/BRAIN_DRAIN/Code/09_plots.Rmd","hs_std_err"
"D:/Users/martensn/BRAIN_DRAIN/Code/09_plots.Rmd","col_intercept"
"D:/Users/martensn/BRAIN_DRAIN/Code/09_plots.Rmd","col_slope"
"D:/Users/martensn/BRAIN_DRAIN/Code/09_plots.Rmd","col_std_err"
"D:/Users/martensn/BRAIN_DRAIN/Code/09_plots.Rmd","hs_equation"
"D:/Users/martensn/BRAIN_DRAIN/Code/09_plots.Rmd","hs_r_squared"
"D:/Users/martensn/BRAIN_DRAIN/Code/09_plots.Rmd","hs_std_error"
"D:/Users/martensn/BRAIN_DRAIN/Code/09_plots.Rmd","col_equation"
"D:/Users/martensn/BRAIN_DRAIN/Code/09_plots.Rmd","col_r_squared"
"D:/Users/martensn/BRAIN_DRAIN/Code/09_plots.Rmd","col_std_error"
"D:/Users/martensn/BRAIN_DRAIN/Code/09_plots.Rmd","geo_colors"
"D:/Users/martensn/BRAIN_DRAIN/Code/09_plots.Rmd","CensusFactorLevels"
"D:/Users/martensn/BRAIN_DRAIN/Code/09_plots.Rmd","name"
"D:/Users/martensn/BRAIN_DRAIN/Code/09_plots.Rmd","vintage"
"D:/Users/martensn/BRAIN_DRAIN/Code/09_plots.Rmd","variable"
"D:/Users/martensn/BRAIN_DRAIN/Code/09_plots.Rmd","file"
"D:/Users/martensn/BRAIN_DRAIN/Code/09_plots.Rmd","Meta"
"D:/Users/martensn/BRAIN_DRAIN/Code/09_plots.Rmd","p"
"D:/Users/martensn/BRAIN_DRAIN/Code/09_plots.Rmd","get_agegroup"
"D:/Users/martensn/BRAIN_DRAIN/Code/09_plots.Rmd","states"
"D:/Users/martensn/BRAIN_DRAIN/Code/09_plots.Rmd","agegroups"
"D:/Users/martensn/BRAIN_DRAIN/Code/09_plots.Rmd","results"
"D:/Users/martensn/BRAIN_DRAIN/Code/09_plots.Rmd","state"
"D:/Users/martensn/BRAIN_DRAIN/Code/09_plots.Rmd","age"
"D:/Users/martensn/BRAIN_DRAIN/Code/09_plots.Rmd","state_code"
"D:/Users/martensn/BRAIN_DRAIN/Code/09_plots.Rmd","temp"
"D:/Users/martensn/BRAIN_DRAIN/Code/09_plots.Rmd","final_data"
"D:/Users/martensn/BRAIN_DRAIN/Code/09_plots.Rmd","fips"
"D:/Users/martensn/BRAIN_DRAIN/Code/09_plots.Rmd","raw_age_00"
"D:/Users/martensn/BRAIN_DRAIN/Code/09_plots.Rmd","age_00"
"D:/Users/martensn/BRAIN_DRAIN/Code/09_plots.Rmd","raw_age_10"
"D:/Users/martensn/BRAIN_DRAIN/Code/09_plots.Rmd","age_10"
"D:/Users/martensn/BRAIN_DRAIN/Code/09_plots.Rmd","raw_laus"
"D:/Users/martensn/BRAIN_DRAIN/Code/09_plots.Rmd","laus"
"D:/Users/martensn/BRAIN_DRAIN/Code/09_plots.Rmd","intercensal"
"D:/Users/martensn/BRAIN_DRAIN/Code/09_plots.Rmd","yagan"
"D:/Users/martensn/BRAIN_DRAIN/Code/09_plots.Rmd","start"
"D:/Users/martensn/BRAIN_DRAIN/Code/09_plots.Rmd","end"
"D:/Users/martensn/BRAIN_DRAIN/Code/09_plots.Rmd","yagan_sample"
"D:/Users/martensn/BRAIN_DRAIN/Code/09_plots.Rmd","ys"
"D:/Users/martensn/BRAIN_DRAIN/Code/09_plots.Rmd","ys_f"
"D:/Users/martensn/BRAIN_DRAIN/Code/09_plots.Rmd","ys_ff"
"D:/Users/martensn/BRAIN_DRAIN/Code/09_plots.Rmd","cbsa_start"
"D:/Users/martensn/BRAIN_DRAIN/Code/09_plots.Rmd","cbsa_end"
"D:/Users/martensn/BRAIN_DRAIN/Code/09_plots.Rmd","ic"
"D:/Users/martensn/BRAIN_DRAIN/Code/09_plots.Rmd","quantiles"
"D:/Users/martensn/BRAIN_DRAIN/Code/09_plots.Rmd","ic_means"
"D:/Users/martensn/BRAIN_DRAIN/Code/09_plots.Rmd","ys_fff"
"D:/Users/martensn/BRAIN_DRAIN/Code/09_plots.Rmd","overall"
"D:/Users/martensn/BRAIN_DRAIN/Code/09_plots.Rmd","split"
"D:/Users/martensn/BRAIN_DRAIN/Code/09_plots.Rmd","s"
"D:/Users/martensn/BRAIN_DRAIN/Code/09_plots.Rmd","split_models"
"D:/Users/martensn/BRAIN_DRAIN/Code/09_plots.Rmd","universe_colors"
"D:/Users/martensn/BRAIN_DRAIN/Code/09_plots.Rmd","complier_plot"
"D:/Users/martensn/BRAIN_DRAIN/Code/09_plots.Rmd","pf_table"
"D:/Users/martensn/BRAIN_DRAIN/Code/09_plots.Rmd","state_list"
"D:/Users/martensn/BRAIN_DRAIN/Code/09_plots.Rmd","col_grad_filt"
"D:/Users/martensn/BRAIN_DRAIN/Code/09_plots.Rmd","denominator_cohort"
"D:/Users/martensn/BRAIN_DRAIN/Code/09_plots.Rmd","fraction_cohort"
"D:/Users/martensn/BRAIN_DRAIN/Code/09_plots.Rmd","li_deg_awarded"
"D:/Users/martensn/BRAIN_DRAIN/Code/09_plots.Rmd","degrees_awardedfilename"
"D:/Users/martensn/BRAIN_DRAIN/Code/09_plots.Rmd","deg_awarded"
"D:/Users/martensn/BRAIN_DRAIN/Code/09_plots.Rmd","birth_deg_cohort"
"D:/Users/martensn/BRAIN_DRAIN/Code/09_plots.Rmd","birth_start_year"
"D:/Users/martensn/BRAIN_DRAIN/Code/09_plots.Rmd","intersection_birth"
"D:/Users/martensn/BRAIN_DRAIN/Code/09_plots.Rmd","intersection_grad"
"D:/Users/martensn/BRAIN_DRAIN/Code/09_plots.Rmd","birth_to_grad"
"D:/Users/martensn/BRAIN_DRAIN/Code/09_plots.Rmd","birth_to_grad_label"
"D:/Users/martensn/BRAIN_DRAIN/Code/09_plots.Rmd","years"
"D:/Users/martensn/BRAIN_DRAIN/Code/09_plots.Rmd","colors"
"D:/Users/martensn/BRAIN_DRAIN/Code/09_plots.Rmd","x_axis_labels"
"D:/Users/martensn/BRAIN_DRAIN/Code/09_plots.Rmd","dens_sam"
"D:/Users/martensn/BRAIN_DRAIN/Code/09_plots.Rmd","quantiles_sam"
"D:/Users/martensn/BRAIN_DRAIN/Code/09_plots.Rmd","probs"
"D:/Users/martensn/BRAIN_DRAIN/Code/09_plots.Rmd","dens_tot"
"D:/Users/martensn/BRAIN_DRAIN/Code/09_plots.Rmd","quantiles_tot"
"D:/Users/martensn/BRAIN_DRAIN/Code/09_plots.Rmd","df"
"D:/Users/martensn/BRAIN_DRAIN/Code/09_plots.Rmd","birth_medians"
"D:/Users/martensn/BRAIN_DRAIN/Code/09_plots.Rmd","intersection_sam"
"D:/Users/martensn/BRAIN_DRAIN/Code/09_plots.Rmd","intersection_tot"
"D:/Users/martensn/BRAIN_DRAIN/Code/09_plots.Rmd","raw_deg_award_1"
"D:/Users/martensn/BRAIN_DRAIN/Code/09_plots.Rmd","raw_deg_award_2"
"D:/Users/martensn/BRAIN_DRAIN/Code/09_plots.Rmd","total_deg"
"D:/Users/martensn/BRAIN_DRAIN/Code/09_plots.Rmd","business_deg"
"D:/Users/martensn/BRAIN_DRAIN/Code/09_plots.Rmd","engineering_deg"
"D:/Users/martensn/BRAIN_DRAIN/Code/09_plots.Rmd","all_deg"
"D:/Users/martensn/BRAIN_DRAIN/Code/09_plots.Rmd","cohort_x_grad"
"D:/Users/martensn/BRAIN_DRAIN/Code/09_plots.Rmd","ret_cohort"
"D:/Users/martensn/BRAIN_DRAIN/Code/09_plots.Rmd","pre_1983_cohorts"
"D:/Users/martensn/BRAIN_DRAIN/Code/09_plots.Rmd","ret_col_end"
"D:/Users/martensn/BRAIN_DRAIN/Code/09_plots.Rmd","deg"
"D:/Users/martensn/BRAIN_DRAIN/Code/09_plots.Rmd","shr_inst_1983"
"D:/Users/martensn/BRAIN_DRAIN/Code/09_plots.Rmd","shr_inst_cohort"
"D:/Users/martensn/BRAIN_DRAIN/Code/09_plots.Rmd","shr_inst"
"D:/Users/martensn/BRAIN_DRAIN/Code/09_plots.Rmd","full_regions"
"D:/Users/martensn/BRAIN_DRAIN/Code/09_plots.Rmd","full_majors"
"D:/Users/martensn/BRAIN_DRAIN/Code/09_plots.Rmd","full_chetty"
"D:/Users/martensn/BRAIN_DRAIN/Code/09_plots.Rmd","full_age"
"D:/Users/martensn/BRAIN_DRAIN/Code/09_plots.Rmd","full_quantiles"
"D:/Users/martensn/BRAIN_DRAIN/Code/09_plots.Rmd","full_inst_groups"
"D:/Users/martensn/BRAIN_DRAIN/Code/09_plots.Rmd","full_values"
"D:/Users/martensn/BRAIN_DRAIN/Code/09_plots.Rmd","full_res_ret_col_end"
"D:/Users/martensn/BRAIN_DRAIN/Code/09_plots.Rmd","full_res_deg"
"D:/Users/martensn/BRAIN_DRAIN/Code/09_plots.Rmd","full_res_shr_inst_cohort"
"D:/Users/martensn/BRAIN_DRAIN/Code/09_plots.Rmd","full_res_shr_inst"
"D:/Users/martensn/BRAIN_DRAIN/Code/09_plots.Rmd","full_res_regions"
"D:/Users/martensn/BRAIN_DRAIN/Code/09_plots.Rmd","full_res_majors"
"D:/Users/martensn/BRAIN_DRAIN/Code/09_plots.Rmd","full_res_chetty"
"D:/Users/martensn/BRAIN_DRAIN/Code/09_plots.Rmd","full_res_age"
"D:/Users/martensn/BRAIN_DRAIN/Code/09_plots.Rmd","full_res_quantiles"
"D:/Users/martensn/BRAIN_DRAIN/Code/09_plots.Rmd","full_res_inst_groups"
"D:/Users/martensn/BRAIN_DRAIN/Code/09_plots.Rmd","col_names"
"D:/Users/martensn/BRAIN_DRAIN/Code/09_plots.Rmd","full_res_values"
"D:/Users/martensn/BRAIN_DRAIN/Code/09_plots.Rmd","sample_values"
"D:/Users/martensn/BRAIN_DRAIN/Code/09_plots.Rmd","restrict_values"
"D:/Users/martensn/BRAIN_DRAIN/Code/09_plots.Rmd","outsample_values"
"D:/Users/martensn/BRAIN_DRAIN/Code/09_plots.Rmd","sumstat"
"D:/Users/martensn/BRAIN_DRAIN/Code/09_plots.Rmd","xsumstat"
"D:/Users/martensn/BRAIN_DRAIN/Code/09_plots.Rmd","outsample_res_ret_col_end"
"D:/Users/martensn/BRAIN_DRAIN/Code/09_plots.Rmd","outsample_res_deg"
"D:/Users/martensn/BRAIN_DRAIN/Code/09_plots.Rmd","outsample_res_shr_inst_cohort"
"D:/Users/martensn/BRAIN_DRAIN/Code/09_plots.Rmd","outsample_res_shr_inst"
"D:/Users/martensn/BRAIN_DRAIN/Code/09_plots.Rmd","outsample_res_regions"
"D:/Users/martensn/BRAIN_DRAIN/Code/09_plots.Rmd","outsample_res_majors"
"D:/Users/martensn/BRAIN_DRAIN/Code/09_plots.Rmd","outsample_res_chetty"
"D:/Users/martensn/BRAIN_DRAIN/Code/09_plots.Rmd","outsample_res_age"
"D:/Users/martensn/BRAIN_DRAIN/Code/09_plots.Rmd","outsample_res_quantiles"
"D:/Users/martensn/BRAIN_DRAIN/Code/09_plots.Rmd","outsample_res_inst_groups"
"D:/Users/martensn/BRAIN_DRAIN/Code/09_plots.Rmd","outsample_res_values"
"D:/Users/martensn/BRAIN_DRAIN/Code/09_plots.Rmd","outsample_sumstat"
"D:/Users/martensn/BRAIN_DRAIN/Code/09_plots.Rmd","xoutsumstat"
"D:/Users/martensn/BRAIN_DRAIN/Code/09_plots.Rmd","nacol"
"D:/Users/martensn/BRAIN_DRAIN/Code/09_plots.Rmd","spdf"
"D:/Users/martensn/BRAIN_DRAIN/Code/09_plots.Rmd","resample"
"D:/Users/martensn/BRAIN_DRAIN/Code/09_plots.Rmd","x"
"D:/Users/martensn/BRAIN_DRAIN/Code/09_plots.Rmd","..."
"D:/Users/martensn/BRAIN_DRAIN/Code/09_plots.Rmd","nunique"
"D:/Users/martensn/BRAIN_DRAIN/Code/09_plots.Rmd","np"
"D:/Users/martensn/BRAIN_DRAIN/Code/09_plots.Rmd","adjl"
"D:/Users/martensn/BRAIN_DRAIN/Code/09_plots.Rmd","cols"
"D:/Users/martensn/BRAIN_DRAIN/Code/09_plots.Rmd","nextColour"
"D:/Users/martensn/BRAIN_DRAIN/Code/09_plots.Rmd","k"
"D:/Users/martensn/BRAIN_DRAIN/Code/09_plots.Rmd","adjcolours"
"D:/Users/martensn/BRAIN_DRAIN/Code/09_plots.Rmd","avail"
"D:/Users/martensn/BRAIN_DRAIN/Code/09_plots.Rmd","map"
"D:/Users/martensn/BRAIN_DRAIN/Code/10_roi.Rmd","Mode"
"D:/Users/martensn/BRAIN_DRAIN/Code/10_roi.Rmd","x"
"D:/Users/martensn/BRAIN_DRAIN/Code/10_roi.Rmd","na.rm"
"D:/Users/martensn/BRAIN_DRAIN/Code/10_roi.Rmd","ux"
"D:/Users/martensn/BRAIN_DRAIN/Code/10_roi.Rmd","directory"
"D:/Users/martensn/BRAIN_DRAIN/Code/10_roi.Rmd","aaufilename"
"D:/Users/martensn/BRAIN_DRAIN/Code/10_roi.Rmd","mobilityfilename"
"D:/Users/martensn/BRAIN_DRAIN/Code/10_roi.Rmd","cpi_base_year"
"D:/Users/martensn/BRAIN_DRAIN/Code/10_roi.Rmd","microdata"
"D:/Users/martensn/BRAIN_DRAIN/Code/10_roi.Rmd","aau"
"D:/Users/martensn/BRAIN_DRAIN/Code/10_roi.Rmd","raw_institutions"
"D:/Users/martensn/BRAIN_DRAIN/Code/10_roi.Rmd","raw_acceptance"
"D:/Users/martensn/BRAIN_DRAIN/Code/10_roi.Rmd","raw_deg_award"
"D:/Users/martensn/BRAIN_DRAIN/Code/10_roi.Rmd","raw_mobility"
"D:/Users/martensn/BRAIN_DRAIN/Code/10_roi.Rmd","raw_finance"
"D:/Users/martensn/BRAIN_DRAIN/Code/10_roi.Rmd","raw_grad_rates"
"D:/Users/martensn/BRAIN_DRAIN/Code/10_roi.Rmd","raw_instate"
"D:/Users/martensn/BRAIN_DRAIN/Code/10_roi.Rmd","payload1"
"D:/Users/martensn/BRAIN_DRAIN/Code/10_roi.Rmd","payload2"
"D:/Users/martensn/BRAIN_DRAIN/Code/10_roi.Rmd","payload3"
"D:/Users/martensn/BRAIN_DRAIN/Code/10_roi.Rmd","response1"
"D:/Users/martensn/BRAIN_DRAIN/Code/10_roi.Rmd","deflator1"
"D:/Users/martensn/BRAIN_DRAIN/Code/10_roi.Rmd","response2"
"D:/Users/martensn/BRAIN_DRAIN/Code/10_roi.Rmd","deflator2"
"D:/Users/martensn/BRAIN_DRAIN/Code/10_roi.Rmd","response3"
"D:/Users/martensn/BRAIN_DRAIN/Code/10_roi.Rmd","deflator3"
"D:/Users/martensn/BRAIN_DRAIN/Code/10_roi.Rmd","deflator_combined"
"D:/Users/martensn/BRAIN_DRAIN/Code/10_roi.Rmd","cpi_annual"
"D:/Users/martensn/BRAIN_DRAIN/Code/10_roi.Rmd","base_cpi"
"D:/Users/martensn/BRAIN_DRAIN/Code/10_roi.Rmd","acceptance_grouped"
"D:/Users/martensn/BRAIN_DRAIN/Code/10_roi.Rmd","institutional_characteristics"
"D:/Users/martensn/BRAIN_DRAIN/Code/10_roi.Rmd","deg_award_total"
"D:/Users/martensn/BRAIN_DRAIN/Code/10_roi.Rmd","deg_award_detail"
"D:/Users/martensn/BRAIN_DRAIN/Code/10_roi.Rmd","deg_award"
"D:/Users/martensn/BRAIN_DRAIN/Code/10_roi.Rmd","recruitment"
"D:/Users/martensn/BRAIN_DRAIN/Code/10_roi.Rmd","recruitment_grouped"
"D:/Users/martensn/BRAIN_DRAIN/Code/10_roi.Rmd","unitid_super_opeid_crosswalk"
"D:/Users/martensn/BRAIN_DRAIN/Code/10_roi.Rmd","deg_award_super_opeid"
"D:/Users/martensn/BRAIN_DRAIN/Code/10_roi.Rmd","unit_super_opeid_weights"
"D:/Users/martensn/BRAIN_DRAIN/Code/10_roi.Rmd","mobility"
"D:/Users/martensn/BRAIN_DRAIN/Code/10_roi.Rmd","finance_recode"
"D:/Users/martensn/BRAIN_DRAIN/Code/10_roi.Rmd","finance"
"D:/Users/martensn/BRAIN_DRAIN/Code/10_roi.Rmd","grad_rates"
"D:/Users/martensn/BRAIN_DRAIN/Code/10_roi.Rmd","instate"
"D:/Users/martensn/BRAIN_DRAIN/Code/10_roi.Rmd","majors"
"D:/Users/martensn/BRAIN_DRAIN/Code/10_roi.Rmd","sumstat_major"
"D:/Users/martensn/BRAIN_DRAIN/Code/10_roi.Rmd","sumstat_acceptance"
"D:/Users/martensn/BRAIN_DRAIN/Code/10_roi.Rmd","quantile_cols"
"D:/Users/martensn/BRAIN_DRAIN/Code/10_roi.Rmd","sumstat_mobility"
"D:/Users/martensn/BRAIN_DRAIN/Code/10_roi.Rmd","sumstat_finance"
"D:/Users/martensn/BRAIN_DRAIN/Code/10_roi.Rmd","gradrate_cols"
"D:/Users/martensn/BRAIN_DRAIN/Code/10_roi.Rmd","sumstat_gradrate"
"D:/Users/martensn/BRAIN_DRAIN/Code/10_roi.Rmd","sumstat_instate"
"D:/Users/martensn/BRAIN_DRAIN/Code/10_roi.Rmd","sumstat"
"D:/Users/martensn/BRAIN_DRAIN/Code/10_roi.Rmd","ss"
"D:/Users/martensn/BRAIN_DRAIN/Code/10_roi.Rmd","grad_rates_cohort"
"D:/Users/martensn/BRAIN_DRAIN/Code/10_roi.Rmd","denominators"
"D:/Users/martensn/BRAIN_DRAIN/Code/10_roi.Rmd","cohort_enrollments"
"D:/Users/martensn/BRAIN_DRAIN/Code/10_roi.Rmd","cohort_non_completes"
"D:/Users/martensn/BRAIN_DRAIN/Code/10_roi.Rmd","unified_cohort"
"D:/Users/martensn/BRAIN_DRAIN/Code/10_roi.Rmd","completers"
"D:/Users/martensn/BRAIN_DRAIN/Code/10_roi.Rmd","merged"
"D:/Users/martensn/BRAIN_DRAIN/Code/10_roi.Rmd","roi"
"D:/Users/martensn/BRAIN_DRAIN/Code/10_roi.Rmd","roi_group"
"D:/Users/martensn/BRAIN_DRAIN/Code/10_roi.Rmd","roi_group_no_nc"
"D:/Users/martensn/BRAIN_DRAIN/Code/10_roi.Rmd","roi_table_no_nc"
"D:/Users/martensn/BRAIN_DRAIN/Code/10_roi.Rmd","roi_group_nc"
"D:/Users/martensn/BRAIN_DRAIN/Code/10_roi.Rmd","roi_table_nc"
"D:/Users/martensn/BRAIN_DRAIN/Code/10_roi.Rmd","coverage"
"D:/Users/martensn/BRAIN_DRAIN/Code/10_roi.Rmd","major_model"
"D:/Users/martensn/BRAIN_DRAIN/Code/10_roi.Rmd","inst_char_model"
"D:/Users/martensn/BRAIN_DRAIN/Code/10_roi.Rmd","recruitment_acceptance"
"D:/Users/martensn/BRAIN_DRAIN/Code/a_hs_col_construct.R","directory"
"D:/Users/martensn/BRAIN_DRAIN/Code/a_hs_col_construct.R","private_school_filename"
"D:/Users/martensn/BRAIN_DRAIN/Code/a_hs_col_construct.R","private_school_address_filename"
"D:/Users/martensn/BRAIN_DRAIN/Code/a_hs_col_construct.R","study_start_year"
"D:/Users/martensn/BRAIN_DRAIN/Code/a_hs_col_construct.R","study_end_year"
"D:/Users/martensn/BRAIN_DRAIN/Code/a_hs_col_construct.R","first_non_missing"
"D:/Users/martensn/BRAIN_DRAIN/Code/a_hs_col_construct.R","x"
"D:/Users/martensn/BRAIN_DRAIN/Code/a_hs_col_construct.R","longest_string"
"D:/Users/martensn/BRAIN_DRAIN/Code/a_hs_col_construct.R","make_acronym"
"D:/Users/martensn/BRAIN_DRAIN/Code/a_hs_col_construct.R","words"
"D:/Users/martensn/BRAIN_DRAIN/Code/a_hs_col_construct.R","derive_aliases"
"D:/Users/martensn/BRAIN_DRAIN/Code/a_hs_col_construct.R","x_nodash"
"D:/Users/martensn/BRAIN_DRAIN/Code/a_hs_col_construct.R","base"
"D:/Users/martensn/BRAIN_DRAIN/Code/a_hs_col_construct.R","acronyms"
"D:/Users/martensn/BRAIN_DRAIN/Code/a_hs_col_construct.R","wmean"
"D:/Users/martensn/BRAIN_DRAIN/Code/a_hs_col_construct.R","w"
"D:/Users/martensn/BRAIN_DRAIN/Code/a_hs_col_construct.R","clean_strings"
"D:/Users/martensn/BRAIN_DRAIN/Code/a_hs_col_construct.R","generate_subunit_aliases"
"D:/Users/martensn/BRAIN_DRAIN/Code/a_hs_col_construct.R","subunit"
"D:/Users/martensn/BRAIN_DRAIN/Code/a_hs_col_construct.R","university"
"D:/Users/martensn/BRAIN_DRAIN/Code/a_hs_col_construct.R","allow_standalone"
"D:/Users/martensn/BRAIN_DRAIN/Code/a_hs_col_construct.R","base_forms"
"D:/Users/martensn/BRAIN_DRAIN/Code/a_hs_col_construct.R","derive_short_subunit"
"D:/Users/martensn/BRAIN_DRAIN/Code/a_hs_col_construct.R","single_x"
"D:/Users/martensn/BRAIN_DRAIN/Code/a_hs_col_construct.R","x_clean"
"D:/Users/martensn/BRAIN_DRAIN/Code/a_hs_col_construct.R","words_lower"
"D:/Users/martensn/BRAIN_DRAIN/Code/a_hs_col_construct.R","idx"
"D:/Users/martensn/BRAIN_DRAIN/Code/a_hs_col_construct.R","suffixes"
"D:/Users/martensn/BRAIN_DRAIN/Code/a_hs_col_construct.R","before"
"D:/Users/martensn/BRAIN_DRAIN/Code/a_hs_col_construct.R","before_lower"
"D:/Users/martensn/BRAIN_DRAIN/Code/a_hs_col_construct.R","keep_before"
"D:/Users/martensn/BRAIN_DRAIN/Code/a_hs_col_construct.R","surname"
"D:/Users/martensn/BRAIN_DRAIN/Code/a_hs_col_construct.R","after"
"D:/Users/martensn/BRAIN_DRAIN/Code/a_hs_col_construct.R","state_fips"
"D:/Users/martensn/BRAIN_DRAIN/Code/a_hs_col_construct.R","zcta"
"D:/Users/martensn/BRAIN_DRAIN/Code/a_hs_col_construct.R","county"
"D:/Users/martensn/BRAIN_DRAIN/Code/a_hs_col_construct.R","zcta_centroids"
"D:/Users/martensn/BRAIN_DRAIN/Code/a_hs_col_construct.R","county_centroids"
"D:/Users/martensn/BRAIN_DRAIN/Code/a_hs_col_construct.R","zcta_coords"
"D:/Users/martensn/BRAIN_DRAIN/Code/a_hs_col_construct.R","zcta_shrunk"
"D:/Users/martensn/BRAIN_DRAIN/Code/a_hs_col_construct.R","county_coords"
"D:/Users/martensn/BRAIN_DRAIN/Code/a_hs_col_construct.R","county_shrunk"
"D:/Users/martensn/BRAIN_DRAIN/Code/a_hs_col_construct.R","raw_public_dir"
"D:/Users/martensn/BRAIN_DRAIN/Code/a_hs_col_construct.R","raw_public_enroll"
"D:/Users/martensn/BRAIN_DRAIN/Code/a_hs_col_construct.R","pub_enr"
"D:/Users/martensn/BRAIN_DRAIN/Code/a_hs_col_construct.R","public"
"D:/Users/martensn/BRAIN_DRAIN/Code/a_hs_col_construct.R","raw_private"
"D:/Users/martensn/BRAIN_DRAIN/Code/a_hs_col_construct.R","raw_private_address"
"D:/Users/martensn/BRAIN_DRAIN/Code/a_hs_col_construct.R","private_geo"
"D:/Users/martensn/BRAIN_DRAIN/Code/a_hs_col_construct.R","priv"
"D:/Users/martensn/BRAIN_DRAIN/Code/a_hs_col_construct.R","batch_size"
"D:/Users/martensn/BRAIN_DRAIN/Code/a_hs_col_construct.R","batches"
"D:/Users/martensn/BRAIN_DRAIN/Code/a_hs_col_construct.R","private"
"D:/Users/martensn/BRAIN_DRAIN/Code/a_hs_col_construct.R","collapsed"
"D:/Users/martensn/BRAIN_DRAIN/Code/a_hs_col_construct.R","geo_zip"
"D:/Users/martensn/BRAIN_DRAIN/Code/a_hs_col_construct.R","geo_county"
"D:/Users/martensn/BRAIN_DRAIN/Code/a_hs_col_construct.R","imputed"
"D:/Users/martensn/BRAIN_DRAIN/Code/a_hs_col_construct.R","schools"
"D:/Users/martensn/BRAIN_DRAIN/Code/a_hs_col_construct.R","ambiguous"
"D:/Users/martensn/BRAIN_DRAIN/Code/a_hs_col_construct.R","raw_institutions"
"D:/Users/martensn/BRAIN_DRAIN/Code/a_hs_col_construct.R","raw_deg_award"
"D:/Users/martensn/BRAIN_DRAIN/Code/a_hs_col_construct.R","raw_instate"
"D:/Users/martensn/BRAIN_DRAIN/Code/a_hs_col_construct.R","geo"
"D:/Users/martensn/BRAIN_DRAIN/Code/a_hs_col_construct.R","missing_geo"
"D:/Users/martensn/BRAIN_DRAIN/Code/a_hs_col_construct.R","geocoded"
"D:/Users/martensn/BRAIN_DRAIN/Code/a_hs_col_construct.R","zipcoded"
"D:/Users/martensn/BRAIN_DRAIN/Code/a_hs_col_construct.R","mg"
"D:/Users/martensn/BRAIN_DRAIN/Code/a_hs_col_construct.R","col_geos"
"D:/Users/martensn/BRAIN_DRAIN/Code/a_hs_col_construct.R","da"
"D:/Users/martensn/BRAIN_DRAIN/Code/a_hs_col_construct.R","parent_overrides"
"D:/Users/martensn/BRAIN_DRAIN/Code/a_hs_col_construct.R","colleges"
"D:/Users/martensn/BRAIN_DRAIN/Code/a_hs_col_construct.R","hit"
"D:/Users/martensn/BRAIN_DRAIN/Code/a_hs_col_construct.R","system_abbrev_rules"
"D:/Users/martensn/BRAIN_DRAIN/Code/a_hs_col_construct.R","extract_branch"
"D:/Users/martensn/BRAIN_DRAIN/Code/a_hs_col_construct.R","inst_name"
"D:/Users/martensn/BRAIN_DRAIN/Code/a_hs_col_construct.R","parent"
"D:/Users/martensn/BRAIN_DRAIN/Code/a_hs_col_construct.R","patterns"
"D:/Users/martensn/BRAIN_DRAIN/Code/a_hs_col_construct.R","p"
"D:/Users/martensn/BRAIN_DRAIN/Code/a_hs_col_construct.R","derive_system_branch_aliases"
"D:/Users/martensn/BRAIN_DRAIN/Code/a_hs_col_construct.R","sys_abbrev"
"D:/Users/martensn/BRAIN_DRAIN/Code/a_hs_col_construct.R","branch"
"D:/Users/martensn/BRAIN_DRAIN/Code/a_hs_col_construct.R","systems"
"D:/Users/martensn/BRAIN_DRAIN/Code/a_hs_col_construct.R","derived_aliases"
"D:/Users/martensn/BRAIN_DRAIN/Code/a_hs_col_construct.R","derived_system_aliases"
"D:/Users/martensn/BRAIN_DRAIN/Code/a_hs_col_construct.R","system_branch_aliases"
"D:/Users/martensn/BRAIN_DRAIN/Code/a_hs_col_construct.R","raw_subunit"
"D:/Users/martensn/BRAIN_DRAIN/Code/a_hs_col_construct.R","subunit_counts"
"D:/Users/martensn/BRAIN_DRAIN/Code/a_hs_col_construct.R","subunit_aliases_full"
"D:/Users/martensn/BRAIN_DRAIN/Code/a_hs_col_construct.R","official_aliases"
"D:/Users/martensn/BRAIN_DRAIN/Code/a_hs_col_construct.R","donor_aliases"
"D:/Users/martensn/BRAIN_DRAIN/Code/a_hs_col_construct.R","subunit_aliases"
"D:/Users/martensn/BRAIN_DRAIN/Code/a_hs_col_construct.R","system_aliases_expanded"
"D:/Users/martensn/BRAIN_DRAIN/Code/a_hs_col_construct.R","aliases_long"
"D:/Users/martensn/BRAIN_DRAIN/Code/a_hs_col_construct.R","alias_counts"
"D:/Users/martensn/BRAIN_DRAIN/Code/a_hs_col_construct.R","alias"
"D:/Users/martensn/BRAIN_DRAIN/Code/a_hs_col_construct.R","as"
"D:/Users/martensn/BRAIN_DRAIN/Code/a_hs_col_construct.R","alias_weights"
"D:/Users/martensn/BRAIN_DRAIN/Code/a_hs_col_construct.R","expand_saint"
"D:/Users/martensn/BRAIN_DRAIN/Code/a_hs_col_construct.R","hs_terms"
"D:/Users/martensn/BRAIN_DRAIN/Code/a_hs_col_construct.R","hs_suffix_rx"
"D:/Users/martensn/BRAIN_DRAIN/Code/a_hs_col_construct.R","hs_any_rx"
"D:/Users/martensn/BRAIN_DRAIN/Code/a_hs_col_construct.R","add_city_prefix"
"D:/Users/martensn/BRAIN_DRAIN/Code/a_hs_col_construct.R","city"
"D:/Users/martensn/BRAIN_DRAIN/Code/a_hs_col_construct.R","derive_hs_aliases"
"D:/Users/martensn/BRAIN_DRAIN/Code/a_hs_col_construct.R","full"
"D:/Users/martensn/BRAIN_DRAIN/Code/a_hs_col_construct.R","base_aggressive"
"D:/Users/martensn/BRAIN_DRAIN/Code/a_hs_col_construct.R","high"
"D:/Users/martensn/BRAIN_DRAIN/Code/a_hs_col_construct.R","city_base"
"D:/Users/martensn/BRAIN_DRAIN/Code/a_hs_col_construct.R","aliases"
"D:/Users/martensn/BRAIN_DRAIN/Code/a_hs_col_construct.R","derived_hs_aliases"
"D:/Users/martensn/BRAIN_DRAIN/Code/a_hs_col_construct.R","hs_aliases_long"
"D:/Users/martensn/BRAIN_DRAIN/Code/a_hs_col_construct.R","hs_alias_counts"
"D:/Users/martensn/BRAIN_DRAIN/Code/a_hs_col_construct.R","hs_alias"
"D:/Users/martensn/BRAIN_DRAIN/Code/a_hs_col_construct.R","instate"
"D:/Users/martensn/BRAIN_DRAIN/Code/a_hs_col_construct.R","setup_matcher"
"D:/Users/martensn/BRAIN_DRAIN/Code/a_hs_col_construct.R","col_string"
"D:/Users/martensn/BRAIN_DRAIN/Code/a_hs_col_construct.R","res_by_hs"
"D:/Users/martensn/BRAIN_DRAIN/Code/a_hs_col_construct.R","hs_by_name_state"
"D:/Users/martensn/BRAIN_DRAIN/Code/a_hs_col_construct.R","deg_by_unit"
"D:/Users/martensn/BRAIN_DRAIN/Code/a_hs_col_construct.R","units"
"D:/Users/martensn/BRAIN_DRAIN/Code/a_hs_col_construct.R","res_by_unit"
"D:/Users/martensn/BRAIN_DRAIN/Code/a_hs_col_construct.R","res_by_unit_norm"
"D:/Users/martensn/BRAIN_DRAIN/Code/a_hs_col_construct.R","missing_units"
"D:/Users/martensn/BRAIN_DRAIN/Code/a_hs_col_construct.R","n_missing"
"D:/Users/martensn/BRAIN_DRAIN/Code/a_hs_col_construct.R","res_by_unit_imp"
"D:/Users/martensn/BRAIN_DRAIN/Code/a_hs_col_construct.R","res_by_system_norm"
"D:/Users/martensn/BRAIN_DRAIN/Code/a_hs_col_construct.R","inst_states"
"D:/Users/martensn/BRAIN_DRAIN/Code/a_hs_col_construct.R","alpha"
"D:/Users/martensn/BRAIN_DRAIN/Code/a_hs_col_construct.R","rbu"
"D:/Users/martensn/BRAIN_DRAIN/Code/a_hs_col_construct.R","imputation_flag_map"
"D:/Users/martensn/BRAIN_DRAIN/Code/a_hs_col_construct.R","adj_by_unit_state"
"D:/Users/martensn/BRAIN_DRAIN/Code/a_hs_col_construct.R","adj_w_state"
"D:/Users/martensn/BRAIN_DRAIN/Code/a_hs_col_construct.R","df"
"D:/Users/martensn/BRAIN_DRAIN/Code/a_hs_col_construct.R","adj_by_state"
"D:/Users/martensn/BRAIN_DRAIN/Code/a_hs_col_construct.R","state_probs"
"D:/Users/martensn/BRAIN_DRAIN/Code/a_hs_col_construct.R","hs_state_weights"
"D:/Users/martensn/BRAIN_DRAIN/Code/a_hs_col_construct.R","res_by_hs_adj"
"D:/Users/martensn/BRAIN_DRAIN/Code/a_hs_col_construct.R","draw_once"
"D:/Users/martensn/BRAIN_DRAIN/Code/a_hs_col_construct.R","setup"
"D:/Users/martensn/BRAIN_DRAIN/Code/a_hs_col_construct.R","hs_idx"
"D:/Users/martensn/BRAIN_DRAIN/Code/a_hs_col_construct.R","hs_string"
"D:/Users/martensn/BRAIN_DRAIN/Code/a_hs_col_construct.R","hs_states"
"D:/Users/martensn/BRAIN_DRAIN/Code/a_hs_col_construct.R","valid_states"
"D:/Users/martensn/BRAIN_DRAIN/Code/a_hs_col_construct.R","sel_state"
"D:/Users/martensn/BRAIN_DRAIN/Code/a_hs_col_construct.R","sel_hs"
"D:/Users/martensn/BRAIN_DRAIN/Code/a_hs_col_construct.R","sel_hs_id"
"D:/Users/martensn/BRAIN_DRAIN/Code/a_hs_col_construct.R","sel_agency_id"
"D:/Users/martensn/BRAIN_DRAIN/Code/a_hs_col_construct.R","unit_weights"
"D:/Users/martensn/BRAIN_DRAIN/Code/a_hs_col_construct.R","sel_unitid"
"D:/Users/martensn/BRAIN_DRAIN/Code/a_hs_col_construct.R","sel_opeid"
"D:/Users/martensn/BRAIN_DRAIN/Code/a_hs_col_construct.R","draw_once_alias"
"D:/Users/martensn/BRAIN_DRAIN/Code/a_hs_col_construct.R","setups"
"D:/Users/martensn/BRAIN_DRAIN/Code/a_hs_col_construct.R","sel_system"
"D:/Users/martensn/BRAIN_DRAIN/Code/a_hs_col_construct.R","alias_string"
"D:/Users/martensn/BRAIN_DRAIN/Code/a_hs_col_construct.R","aw"
"D:/Users/martensn/BRAIN_DRAIN/Code/a_hs_col_construct.R","deg_by_units"
"D:/Users/martensn/BRAIN_DRAIN/Code/a_hs_col_construct.R","n_draws"
"D:/Users/martensn/BRAIN_DRAIN/Code/a_hs_col_construct.R","sim_results"
"D:/Users/martensn/BRAIN_DRAIN/Code/a_hs_col_construct.R","out"
"D:/Users/martensn/BRAIN_DRAIN/Code/a_hs_col_construct.R","i"
"D:/Users/martensn/BRAIN_DRAIN/Code/a_hs_col_construct.R","targets_obs"
"D:/Users/martensn/BRAIN_DRAIN/Code/a_hs_col_construct.R","targets_imp"
"D:/Users/martensn/BRAIN_DRAIN/Code/a_hs_col_construct.R","targets"
"D:/Users/martensn/BRAIN_DRAIN/Code/a_hs_col_construct.R","comparison"
"D:/Users/martensn/BRAIN_DRAIN/Code/b_embedding_test.R","directory"
"D:/Users/martensn/BRAIN_DRAIN/Code/b_embedding_test.R","batch_embed"
"D:/Users/martensn/BRAIN_DRAIN/Code/b_embedding_test.R","strings"
"D:/Users/martensn/BRAIN_DRAIN/Code/b_embedding_test.R","model"
"D:/Users/martensn/BRAIN_DRAIN/Code/b_embedding_test.R","batch_size"
"D:/Users/martensn/BRAIN_DRAIN/Code/b_embedding_test.R","batches"
"D:/Users/martensn/BRAIN_DRAIN/Code/b_embedding_test.R","out"
"D:/Users/martensn/BRAIN_DRAIN/Code/b_embedding_test.R","i"
"D:/Users/martensn/BRAIN_DRAIN/Code/b_embedding_test.R","resp"
"D:/Users/martensn/BRAIN_DRAIN/Code/b_embedding_test.R","cosine_sim"
"D:/Users/martensn/BRAIN_DRAIN/Code/b_embedding_test.R","x"
"D:/Users/martensn/BRAIN_DRAIN/Code/b_embedding_test.R","Y"
"D:/Users/martensn/BRAIN_DRAIN/Code/b_embedding_test.R","faiss"
"D:/Users/martensn/BRAIN_DRAIN/Code/b_embedding_test.R","np"
"D:/Users/martensn/BRAIN_DRAIN/Code/b_embedding_test.R","build_faiss_index"
"D:/Users/martensn/BRAIN_DRAIN/Code/b_embedding_test.R","alias_matrix"
"D:/Users/martensn/BRAIN_DRAIN/Code/b_embedding_test.R","normalize"
"D:/Users/martensn/BRAIN_DRAIN/Code/b_embedding_test.R","A"
"D:/Users/martensn/BRAIN_DRAIN/Code/b_embedding_test.R","A_np"
"D:/Users/martensn/BRAIN_DRAIN/Code/b_embedding_test.R","d"
"D:/Users/martensn/BRAIN_DRAIN/Code/b_embedding_test.R","index"
"D:/Users/martensn/BRAIN_DRAIN/Code/b_embedding_test.R","top_embed"
"D:/Users/martensn/BRAIN_DRAIN/Code/b_embedding_test.R","raw_resp"
"D:/Users/martensn/BRAIN_DRAIN/Code/b_embedding_test.R","alias_resp"
"D:/Users/martensn/BRAIN_DRAIN/Code/b_embedding_test.R","n"
"D:/Users/martensn/BRAIN_DRAIN/Code/b_embedding_test.R","Q"
"D:/Users/martensn/BRAIN_DRAIN/Code/b_embedding_test.R","Q_np"
"D:/Users/martensn/BRAIN_DRAIN/Code/b_embedding_test.R","res"
"D:/Users/martensn/BRAIN_DRAIN/Code/b_embedding_test.R","scores"
"D:/Users/martensn/BRAIN_DRAIN/Code/b_embedding_test.R","idx"
"D:/Users/martensn/BRAIN_DRAIN/Code/b_embedding_test.R","classify_col_at_threshold"
"D:/Users/martensn/BRAIN_DRAIN/Code/b_embedding_test.R","df"
"D:/Users/martensn/BRAIN_DRAIN/Code/b_embedding_test.R","threshold"
"D:/Users/martensn/BRAIN_DRAIN/Code/b_embedding_test.R","classify_hs_at_threshold"
"D:/Users/martensn/BRAIN_DRAIN/Code/b_embedding_test.R","hs_alias"
"D:/Users/martensn/BRAIN_DRAIN/Code/b_embedding_test.R","col_alias"
"D:/Users/martensn/BRAIN_DRAIN/Code/b_embedding_test.R","hs_alias_strings"
"D:/Users/martensn/BRAIN_DRAIN/Code/b_embedding_test.R","col_alias_strings"
"D:/Users/martensn/BRAIN_DRAIN/Code/b_embedding_test.R","shrunken"
"D:/Users/martensn/BRAIN_DRAIN/Code/b_embedding_test.R","col_exact"
"D:/Users/martensn/BRAIN_DRAIN/Code/b_embedding_test.R","hs_exact"
"D:/Users/martensn/BRAIN_DRAIN/Code/b_embedding_test.R","unmatched"
"D:/Users/martensn/BRAIN_DRAIN/Code/b_embedding_test.R","ss"
"D:/Users/martensn/BRAIN_DRAIN/Code/b_embedding_test.R","hs_ss"
"D:/Users/martensn/BRAIN_DRAIN/Code/b_embedding_test.R","hs_raw_strings"
"D:/Users/martensn/BRAIN_DRAIN/Code/b_embedding_test.R","col_ss"
"D:/Users/martensn/BRAIN_DRAIN/Code/b_embedding_test.R","col_raw_strings"
"D:/Users/martensn/BRAIN_DRAIN/Code/b_embedding_test.R","hs_path"
"D:/Users/martensn/BRAIN_DRAIN/Code/b_embedding_test.R","col_path"
"D:/Users/martensn/BRAIN_DRAIN/Code/b_embedding_test.R","hs_raw_input"
"D:/Users/martensn/BRAIN_DRAIN/Code/b_embedding_test.R","hs_raw_resp"
"D:/Users/martensn/BRAIN_DRAIN/Code/b_embedding_test.R","hs_alias_input"
"D:/Users/martensn/BRAIN_DRAIN/Code/b_embedding_test.R","hs_alias_resp"
"D:/Users/martensn/BRAIN_DRAIN/Code/b_embedding_test.R","hs_alias_embed"
"D:/Users/martensn/BRAIN_DRAIN/Code/b_embedding_test.R","hs_alias_embed_matrix"
"D:/Users/martensn/BRAIN_DRAIN/Code/b_embedding_test.R","hs_faiss_index"
"D:/Users/martensn/BRAIN_DRAIN/Code/b_embedding_test.R","hs_embed"
"D:/Users/martensn/BRAIN_DRAIN/Code/b_embedding_test.R","hs_gtid"
"D:/Users/martensn/BRAIN_DRAIN/Code/b_embedding_test.R","hs_am"
"D:/Users/martensn/BRAIN_DRAIN/Code/b_embedding_test.R","hs_unam"
"D:/Users/martensn/BRAIN_DRAIN/Code/b_embedding_test.R","hs_gt_aliases"
"D:/Users/martensn/BRAIN_DRAIN/Code/b_embedding_test.R","hs_preds"
"D:/Users/martensn/BRAIN_DRAIN/Code/b_embedding_test.R","correct"
"D:/Users/martensn/BRAIN_DRAIN/Code/b_embedding_test.R","errors"
"D:/Users/martensn/BRAIN_DRAIN/Code/b_embedding_test.R","hs_pred_eval"
"D:/Users/martensn/BRAIN_DRAIN/Code/b_embedding_test.R","hs_metrics"
"D:/Users/martensn/BRAIN_DRAIN/Code/b_embedding_test.R","t"
"D:/Users/martensn/BRAIN_DRAIN/Code/b_embedding_test.R","hs_metrics_wide"
"D:/Users/martensn/BRAIN_DRAIN/Code/b_embedding_test.R","col_raw_input"
"D:/Users/martensn/BRAIN_DRAIN/Code/b_embedding_test.R","col_raw_resp"
"D:/Users/martensn/BRAIN_DRAIN/Code/b_embedding_test.R","col_alias_input"
"D:/Users/martensn/BRAIN_DRAIN/Code/b_embedding_test.R","col_alias_resp"
"D:/Users/martensn/BRAIN_DRAIN/Code/b_embedding_test.R","col_alias_embed"
"D:/Users/martensn/BRAIN_DRAIN/Code/b_embedding_test.R","col_alias_embed_matrix"
"D:/Users/martensn/BRAIN_DRAIN/Code/b_embedding_test.R","col_embed"
"D:/Users/martensn/BRAIN_DRAIN/Code/b_embedding_test.R","col_pred_eval"
"D:/Users/martensn/BRAIN_DRAIN/Code/b_embedding_test.R","col_metrics"
"D:/Users/martensn/BRAIN_DRAIN/Code/b_embedding_test.R","col_metrics_wide"
"D:/Users/martensn/BRAIN_DRAIN/Code/cohort.R","hs_cbsa_10"
"D:/Users/martensn/BRAIN_DRAIN/Code/cohort.R","col_cbsa_10"
"D:/Users/martensn/BRAIN_DRAIN/Code/cohort.R","return_levels"
"D:/Users/martensn/BRAIN_DRAIN/Code/cohort.R","hs_model"
"D:/Users/martensn/BRAIN_DRAIN/Code/cohort.R","col_model"
"D:/Users/martensn/BRAIN_DRAIN/Code/cohort.R","hs_model_sum"
"D:/Users/martensn/BRAIN_DRAIN/Code/cohort.R","col_model_sum"
"D:/Users/martensn/BRAIN_DRAIN/Code/cohort.R","hs_r_sq"
"D:/Users/martensn/BRAIN_DRAIN/Code/cohort.R","col_r_sq"
"D:/Users/martensn/BRAIN_DRAIN/Code/cohort.R","hs_coefficients"
"D:/Users/martensn/BRAIN_DRAIN/Code/cohort.R","col_coefficients"
"D:/Users/martensn/BRAIN_DRAIN/Code/cohort.R","hs_intercept"
"D:/Users/martensn/BRAIN_DRAIN/Code/cohort.R","hs_slope"
"D:/Users/martensn/BRAIN_DRAIN/Code/cohort.R","hs_std_err"
"D:/Users/martensn/BRAIN_DRAIN/Code/cohort.R","col_intercept"
"D:/Users/martensn/BRAIN_DRAIN/Code/cohort.R","col_slope"
"D:/Users/martensn/BRAIN_DRAIN/Code/cohort.R","col_std_err"
"D:/Users/martensn/BRAIN_DRAIN/Code/cohort.R","hs_equation"
"D:/Users/martensn/BRAIN_DRAIN/Code/cohort.R","hs_r_squared"
"D:/Users/martensn/BRAIN_DRAIN/Code/cohort.R","hs_std_error"
"D:/Users/martensn/BRAIN_DRAIN/Code/cohort.R","col_equation"
"D:/Users/martensn/BRAIN_DRAIN/Code/cohort.R","col_r_squared"
"D:/Users/martensn/BRAIN_DRAIN/Code/cohort.R","col_std_error"
"D:/Users/martensn/BRAIN_DRAIN/Code/cohort.R","geo_colors"
"D:/Users/martensn/BRAIN_DRAIN/Code/c_col_hs_classification.R","directory"
"D:/Users/martensn/BRAIN_DRAIN/Code/c_col_hs_classification.R","edufilename1"
"D:/Users/martensn/BRAIN_DRAIN/Code/c_col_hs_classification.R","edufilename1edit"
"D:/Users/martensn/BRAIN_DRAIN/Code/c_col_hs_classification.R","edufilename2"
"D:/Users/martensn/BRAIN_DRAIN/Code/c_col_hs_classification.R","edutfilename2edit"
"D:/Users/martensn/BRAIN_DRAIN/Code/c_col_hs_classification.R","misfitscorrection"
"D:/Users/martensn/BRAIN_DRAIN/Code/c_col_hs_classification.R","hs_threshold"
"D:/Users/martensn/BRAIN_DRAIN/Code/c_col_hs_classification.R","col_threshold"
"D:/Users/martensn/BRAIN_DRAIN/Code/c_col_hs_classification.R","normalize_ed"
"D:/Users/martensn/BRAIN_DRAIN/Code/c_col_hs_classification.R","x"
"D:/Users/martensn/BRAIN_DRAIN/Code/c_col_hs_classification.R","college_rx"
"D:/Users/martensn/BRAIN_DRAIN/Code/c_col_hs_classification.R","hs_rx"
"D:/Users/martensn/BRAIN_DRAIN/Code/c_col_hs_classification.R","non_school_rx"
"D:/Users/martensn/BRAIN_DRAIN/Code/c_col_hs_classification.R","college_weak_rx"
"D:/Users/martensn/BRAIN_DRAIN/Code/c_col_hs_classification.R","hs_weak_rx"
"D:/Users/martensn/BRAIN_DRAIN/Code/c_col_hs_classification.R","foreign_rx"
"D:/Users/martensn/BRAIN_DRAIN/Code/c_col_hs_classification.R","has_non_latin_script"
"D:/Users/martensn/BRAIN_DRAIN/Code/c_col_hs_classification.R","has_encoding_issue"
"D:/Users/martensn/BRAIN_DRAIN/Code/c_col_hs_classification.R","has_any_letter"
"D:/Users/martensn/BRAIN_DRAIN/Code/c_col_hs_classification.R","is_not_school"
"D:/Users/martensn/BRAIN_DRAIN/Code/c_col_hs_classification.R","has_mojibake_strong"
"D:/Users/martensn/BRAIN_DRAIN/Code/c_col_hs_classification.R","classify_ed_string"
"D:/Users/martensn/BRAIN_DRAIN/Code/c_col_hs_classification.R","x_raw"
"D:/Users/martensn/BRAIN_DRAIN/Code/c_col_hs_classification.R","normalize_high_school"
"D:/Users/martensn/BRAIN_DRAIN/Code/c_col_hs_classification.R","batch_embed"
"D:/Users/martensn/BRAIN_DRAIN/Code/c_col_hs_classification.R","strings"
"D:/Users/martensn/BRAIN_DRAIN/Code/c_col_hs_classification.R","model"
"D:/Users/martensn/BRAIN_DRAIN/Code/c_col_hs_classification.R","batch_size"
"D:/Users/martensn/BRAIN_DRAIN/Code/c_col_hs_classification.R","batches"
"D:/Users/martensn/BRAIN_DRAIN/Code/c_col_hs_classification.R","out"
"D:/Users/martensn/BRAIN_DRAIN/Code/c_col_hs_classification.R","i"
"D:/Users/martensn/BRAIN_DRAIN/Code/c_col_hs_classification.R","resp"
"D:/Users/martensn/BRAIN_DRAIN/Code/c_col_hs_classification.R","cosine_sim"
"D:/Users/martensn/BRAIN_DRAIN/Code/c_col_hs_classification.R","Y"
"D:/Users/martensn/BRAIN_DRAIN/Code/c_col_hs_classification.R","faiss"
"D:/Users/martensn/BRAIN_DRAIN/Code/c_col_hs_classification.R","np"
"D:/Users/martensn/BRAIN_DRAIN/Code/c_col_hs_classification.R","build_faiss_index"
"D:/Users/martensn/BRAIN_DRAIN/Code/c_col_hs_classification.R","alias_matrix"
"D:/Users/martensn/BRAIN_DRAIN/Code/c_col_hs_classification.R","normalize"
"D:/Users/martensn/BRAIN_DRAIN/Code/c_col_hs_classification.R","A"
"D:/Users/martensn/BRAIN_DRAIN/Code/c_col_hs_classification.R","A_np"
"D:/Users/martensn/BRAIN_DRAIN/Code/c_col_hs_classification.R","d"
"D:/Users/martensn/BRAIN_DRAIN/Code/c_col_hs_classification.R","index"
"D:/Users/martensn/BRAIN_DRAIN/Code/c_col_hs_classification.R","top_embed"
"D:/Users/martensn/BRAIN_DRAIN/Code/c_col_hs_classification.R","raw_resp"
"D:/Users/martensn/BRAIN_DRAIN/Code/c_col_hs_classification.R","alias_resp"
"D:/Users/martensn/BRAIN_DRAIN/Code/c_col_hs_classification.R","n"
"D:/Users/martensn/BRAIN_DRAIN/Code/c_col_hs_classification.R","Q"
"D:/Users/martensn/BRAIN_DRAIN/Code/c_col_hs_classification.R","Q_np"
"D:/Users/martensn/BRAIN_DRAIN/Code/c_col_hs_classification.R","res"
"D:/Users/martensn/BRAIN_DRAIN/Code/c_col_hs_classification.R","scores"
"D:/Users/martensn/BRAIN_DRAIN/Code/c_col_hs_classification.R","idx"
"D:/Users/martensn/BRAIN_DRAIN/Code/c_col_hs_classification.R","classify_col_at_threshold"
"D:/Users/martensn/BRAIN_DRAIN/Code/c_col_hs_classification.R","df"
"D:/Users/martensn/BRAIN_DRAIN/Code/c_col_hs_classification.R","threshold"
"D:/Users/martensn/BRAIN_DRAIN/Code/c_col_hs_classification.R","classify_hs_at_threshold"
"D:/Users/martensn/BRAIN_DRAIN/Code/c_col_hs_classification.R","ed_li1"
"D:/Users/martensn/BRAIN_DRAIN/Code/c_col_hs_classification.R","ed_li2"
"D:/Users/martensn/BRAIN_DRAIN/Code/c_col_hs_classification.R","ed_li"
"D:/Users/martensn/BRAIN_DRAIN/Code/c_col_hs_classification.R","comb"
"D:/Users/martensn/BRAIN_DRAIN/Code/c_col_hs_classification.R","shrunken"
"D:/Users/martensn/BRAIN_DRAIN/Code/c_col_hs_classification.R","hs_alias"
"D:/Users/martensn/BRAIN_DRAIN/Code/c_col_hs_classification.R","col_alias"
"D:/Users/martensn/BRAIN_DRAIN/Code/c_col_hs_classification.R","hs_alias_strings"
"D:/Users/martensn/BRAIN_DRAIN/Code/c_col_hs_classification.R","col_alias_strings"
"D:/Users/martensn/BRAIN_DRAIN/Code/c_col_hs_classification.R","col_exact"
"D:/Users/martensn/BRAIN_DRAIN/Code/c_col_hs_classification.R","hs_exact"
"D:/Users/martensn/BRAIN_DRAIN/Code/c_col_hs_classification.R","unmatched"
"D:/Users/martensn/BRAIN_DRAIN/Code/c_col_hs_classification.R","unmatched_hs"
"D:/Users/martensn/BRAIN_DRAIN/Code/c_col_hs_classification.R","unmatched_col"
"D:/Users/martensn/BRAIN_DRAIN/Code/c_col_hs_classification.R","unmatched_oth"
"D:/Users/martensn/BRAIN_DRAIN/Code/c_col_hs_classification.R","ss"
"D:/Users/martensn/BRAIN_DRAIN/Code/c_col_hs_classification.R","hs_ss"
"D:/Users/martensn/BRAIN_DRAIN/Code/c_col_hs_classification.R","hs_raw_strings"
"D:/Users/martensn/BRAIN_DRAIN/Code/c_col_hs_classification.R","col_ss"
"D:/Users/martensn/BRAIN_DRAIN/Code/c_col_hs_classification.R","col_raw_strings"
"D:/Users/martensn/BRAIN_DRAIN/Code/c_col_hs_classification.R","hs_path"
"D:/Users/martensn/BRAIN_DRAIN/Code/c_col_hs_classification.R","col_path"
"D:/Users/martensn/BRAIN_DRAIN/Code/c_col_hs_classification.R","hs_raw_input"
"D:/Users/martensn/BRAIN_DRAIN/Code/c_col_hs_classification.R","hs_raw_resp"
"D:/Users/martensn/BRAIN_DRAIN/Code/c_col_hs_classification.R","hs_alias_input"
"D:/Users/martensn/BRAIN_DRAIN/Code/c_col_hs_classification.R","hs_alias_resp"
"D:/Users/martensn/BRAIN_DRAIN/Code/c_col_hs_classification.R","hs_alias_embed"
"D:/Users/martensn/BRAIN_DRAIN/Code/c_col_hs_classification.R","hs_alias_embed_matrix"
"D:/Users/martensn/BRAIN_DRAIN/Code/c_col_hs_classification.R","hs_faiss_index"
"D:/Users/martensn/BRAIN_DRAIN/Code/c_col_hs_classification.R","hs_raw_embed"
"D:/Users/martensn/BRAIN_DRAIN/Code/c_col_hs_classification.R","ambig_flag"
"D:/Users/martensn/BRAIN_DRAIN/Code/c_col_hs_classification.R","hs_embed"
"D:/Users/martensn/BRAIN_DRAIN/Code/c_col_hs_classification.R","hs_"
"D:/Users/martensn/BRAIN_DRAIN/Code/c_col_hs_classification.R","col_raw_input"
"D:/Users/martensn/BRAIN_DRAIN/Code/c_col_hs_classification.R","col_raw_resp"
"D:/Users/martensn/BRAIN_DRAIN/Code/c_col_hs_classification.R","col_alias_input"
"D:/Users/martensn/BRAIN_DRAIN/Code/c_col_hs_classification.R","col_alias_resp"
"D:/Users/martensn/BRAIN_DRAIN/Code/c_col_hs_classification.R","col_alias_embed"
"D:/Users/martensn/BRAIN_DRAIN/Code/c_col_hs_classification.R","col_alias_embed_matrix"
"D:/Users/martensn/BRAIN_DRAIN/Code/c_col_hs_classification.R","col_faiss_index"
"D:/Users/martensn/BRAIN_DRAIN/Code/c_col_hs_classification.R","col_raw_embed"
"D:/Users/martensn/BRAIN_DRAIN/Code/c_col_hs_classification.R","col_ambig_flag"
"D:/Users/martensn/BRAIN_DRAIN/Code/c_col_hs_classification.R","col_embed"
"D:/Users/martensn/BRAIN_DRAIN/Code/c_col_hs_classification.R","col_"
"D:/Users/martensn/BRAIN_DRAIN/Code/demo.R","directory"
"D:/Users/martensn/BRAIN_DRAIN/Code/demo.R","data_dir"
"D:/Users/martensn/BRAIN_DRAIN/Code/demo.R","file_dir"
"D:/Users/martensn/BRAIN_DRAIN/Code/demo.R","normalize_ed"
"D:/Users/martensn/BRAIN_DRAIN/Code/demo.R","x"
"D:/Users/martensn/BRAIN_DRAIN/Code/demo.R","college_rx"
"D:/Users/martensn/BRAIN_DRAIN/Code/demo.R","hs_rx"
"D:/Users/martensn/BRAIN_DRAIN/Code/demo.R","non_school_rx"
"D:/Users/martensn/BRAIN_DRAIN/Code/demo.R","college_weak_rx"
"D:/Users/martensn/BRAIN_DRAIN/Code/demo.R","hs_weak_rx"
"D:/Users/martensn/BRAIN_DRAIN/Code/demo.R","foreign_rx"
"D:/Users/martensn/BRAIN_DRAIN/Code/demo.R","has_non_latin_script"
"D:/Users/martensn/BRAIN_DRAIN/Code/demo.R","has_encoding_issue"
"D:/Users/martensn/BRAIN_DRAIN/Code/demo.R","has_any_letter"
"D:/Users/martensn/BRAIN_DRAIN/Code/demo.R","is_not_school"
"D:/Users/martensn/BRAIN_DRAIN/Code/demo.R","has_mojibake_strong"
"D:/Users/martensn/BRAIN_DRAIN/Code/demo.R","normalize_high_school"
"D:/Users/martensn/BRAIN_DRAIN/Code/demo.R","classify_ed_string"
"D:/Users/martensn/BRAIN_DRAIN/Code/demo.R","x_raw"
"D:/Users/martensn/BRAIN_DRAIN/Code/demo.R","input"
"D:/Users/martensn/BRAIN_DRAIN/Code/demo.R","col_alias"
"D:/Users/martensn/BRAIN_DRAIN/Code/demo.R","hs_alias"
"D:/Users/martensn/BRAIN_DRAIN/Code/demo.R","hs_alias_strings"
"D:/Users/martensn/BRAIN_DRAIN/Code/demo.R","col_alias_strings"
"D:/Users/martensn/BRAIN_DRAIN/Code/demo.R","col_"
"D:/Users/martensn/BRAIN_DRAIN/Code/demo.R","hs_"
"D:/Users/martensn/BRAIN_DRAIN/Code/demo.R","col_unambig"
"D:/Users/martensn/BRAIN_DRAIN/Code/demo.R","hs_unambig"
"D:/Users/martensn/BRAIN_DRAIN/Code/demo.R","input_col"
"D:/Users/martensn/BRAIN_DRAIN/Code/demo.R","col_p0"
"D:/Users/martensn/BRAIN_DRAIN/Code/demo.R","col_p1"
"D:/Users/martensn/BRAIN_DRAIN/Code/demo.R","col_p2"
"D:/Users/martensn/BRAIN_DRAIN/Code/demo.R","col_p3"
"D:/Users/martensn/BRAIN_DRAIN/Code/demo.R","col_p4"
"D:/Users/martensn/BRAIN_DRAIN/Code/demo.R","unmatched_col"
"D:/Users/martensn/BRAIN_DRAIN/Code/demo.R","col_p5"
"D:/Users/martensn/BRAIN_DRAIN/Code/demo.R","still"
"D:/Users/martensn/BRAIN_DRAIN/Code/d_sample_construction.R","directory"
"D:/Users/martensn/BRAIN_DRAIN/Code/d_sample_construction.R","edufilename1"
"D:/Users/martensn/BRAIN_DRAIN/Code/d_sample_construction.R","edufilename1edit"
"D:/Users/martensn/BRAIN_DRAIN/Code/d_sample_construction.R","edufilename2"
"D:/Users/martensn/BRAIN_DRAIN/Code/d_sample_construction.R","edutfilename2edit"
"D:/Users/martensn/BRAIN_DRAIN/Code/d_sample_construction.R","ed_li1"
"D:/Users/martensn/BRAIN_DRAIN/Code/d_sample_construction.R","ed_li2"
"D:/Users/martensn/BRAIN_DRAIN/Code/d_sample_construction.R","ed_li"
"D:/Users/martensn/BRAIN_DRAIN/Code/d_sample_construction.R","ed_li_col"
"D:/Users/martensn/BRAIN_DRAIN/Code/d_sample_construction.R","col_strings"
"D:/Users/martensn/BRAIN_DRAIN/Code/d_sample_construction.R","hs_strings"
"D:/Users/martensn/BRAIN_DRAIN/Code/d_sample_construction.R","ed_strings"
"D:/Users/martensn/BRAIN_DRAIN/Code/d_sample_construction.R","raw_strings"
"D:/Users/martensn/BRAIN_DRAIN/Code/d_sample_construction.R","string_comp"
"D:/Users/martensn/BRAIN_DRAIN/Code/d_sample_construction.R","string_"
"D:/Users/martensn/BRAIN_DRAIN/Code/d_sample_construction.R","ed_id"
"D:/Users/martensn/BRAIN_DRAIN/Code/d_sample_construction.R","both"
"D:/Users/martensn/BRAIN_DRAIN/Code/d_sample_construction.R","users_with_both"
"D:/Users/martensn/BRAIN_DRAIN/Code/d_sample_construction.R","ed_latest"
"D:/Users/martensn/BRAIN_DRAIN/Code/d_sample_construction.R","hs_dt"
"D:/Users/martensn/BRAIN_DRAIN/Code/d_sample_construction.R","col_dt"
"D:/Users/martensn/BRAIN_DRAIN/Code/d_sample_construction.R","hs_keep"
"D:/Users/martensn/BRAIN_DRAIN/Code/d_sample_construction.R","col_keep"
"D:/Users/martensn/BRAIN_DRAIN/Code/d_sample_construction.R","schools"
"D:/Users/martensn/BRAIN_DRAIN/Code/d_sample_construction.R","colleges"
"D:/Users/martensn/BRAIN_DRAIN/Code/d_sample_construction.R","ed_wide"
"D:/Users/martensn/BRAIN_DRAIN/Code/d_sample_construction.R","ed_wide_sample"
"D:/Users/martensn/BRAIN_DRAIN/Code/d_sample_construction.R","col_ct"
"D:/Users/martensn/BRAIN_DRAIN/Code/d_sample_construction.R","unallocated"
"D:/Users/martensn/BRAIN_DRAIN/Code/d_sample_construction.R","imp_ct"
"D:/Users/martensn/BRAIN_DRAIN/Code/e_detect_mismatches.R","directory"
"D:/Users/martensn/BRAIN_DRAIN/Code/e_detect_mismatches.R","edufilename1"
"D:/Users/martensn/BRAIN_DRAIN/Code/e_detect_mismatches.R","edufilename1edit"
"D:/Users/martensn/BRAIN_DRAIN/Code/e_detect_mismatches.R","edufilename2"
"D:/Users/martensn/BRAIN_DRAIN/Code/e_detect_mismatches.R","edutfilename2edit"
"D:/Users/martensn/BRAIN_DRAIN/Code/e_detect_mismatches.R","ed_li1"
"D:/Users/martensn/BRAIN_DRAIN/Code/e_detect_mismatches.R","ed_li2"
"D:/Users/martensn/BRAIN_DRAIN/Code/e_detect_mismatches.R","ed_li"
"D:/Users/martensn/BRAIN_DRAIN/Code/e_detect_mismatches.R","ed_li_col"
"D:/Users/martensn/BRAIN_DRAIN/Code/e_detect_mismatches.R","mismatched_names"
"D:/Users/martensn/BRAIN_DRAIN/Code/e_detect_mismatches.R","mn_df"
"D:/Users/martensn/BRAIN_DRAIN/Code/e_detect_mismatches.R","ed_m"
"D:/Users/martensn/BRAIN_DRAIN/Code/e_detect_mismatches.R","ed_mhs"
"D:/Users/martensn/BRAIN_DRAIN/Code/e_detect_mismatches.R","col_strings"
"D:/Users/martensn/BRAIN_DRAIN/Code/e_detect_mismatches.R","hs_strings"
"D:/Users/martensn/BRAIN_DRAIN/Code/e_detect_mismatches.R","ed_strings"
"D:/Users/martensn/BRAIN_DRAIN/Code/e_detect_mismatches.R","raw_strings"
"D:/Users/martensn/BRAIN_DRAIN/Code/e_detect_mismatches.R","string_comp"
"D:/Users/martensn/BRAIN_DRAIN/Code/e_detect_mismatches.R","string_"
"D:/Users/martensn/BRAIN_DRAIN/Code/e_detect_mismatches.R","ed_id"
"D:/Users/martensn/BRAIN_DRAIN/Code/e_detect_mismatches.R","both"
"D:/Users/martensn/BRAIN_DRAIN/Code/e_detect_mismatches.R","users_with_both"
"D:/Users/martensn/BRAIN_DRAIN/Code/e_detect_mismatches.R","ed_latest"
"D:/Users/martensn/BRAIN_DRAIN/Code/e_detect_mismatches.R","hs_dt"
"D:/Users/martensn/BRAIN_DRAIN/Code/e_detect_mismatches.R","col_dt"
"D:/Users/martensn/BRAIN_DRAIN/Code/e_detect_mismatches.R","hs_keep"
"D:/Users/martensn/BRAIN_DRAIN/Code/e_detect_mismatches.R","col_keep"
"D:/Users/martensn/BRAIN_DRAIN/Code/e_detect_mismatches.R","schools"
"D:/Users/martensn/BRAIN_DRAIN/Code/e_detect_mismatches.R","colleges"
"D:/Users/martensn/BRAIN_DRAIN/Code/e_detect_mismatches.R","schl"
"D:/Users/martensn/BRAIN_DRAIN/Code/e_detect_mismatches.R","ed_wide"
"D:/Users/martensn/BRAIN_DRAIN/Code/e_detect_mismatches.R","ed_wide_m"
"D:/Users/martensn/BRAIN_DRAIN/Code/e_detect_mismatches.R","state_mhs"
"D:/Users/martensn/BRAIN_DRAIN/Code/e_scrape.R","us_states"
"D:/Users/martensn/BRAIN_DRAIN/Code/e_scrape.R","clean_text"
"D:/Users/martensn/BRAIN_DRAIN/Code/e_scrape.R","x"
"D:/Users/martensn/BRAIN_DRAIN/Code/e_scrape.R","scrape_business_table"
"D:/Users/martensn/BRAIN_DRAIN/Code/e_scrape.R","url"
"D:/Users/martensn/BRAIN_DRAIN/Code/e_scrape.R","pg"
"D:/Users/martensn/BRAIN_DRAIN/Code/e_scrape.R","rows"
"D:/Users/martensn/BRAIN_DRAIN/Code/e_scrape.R","r"
"D:/Users/martensn/BRAIN_DRAIN/Code/e_scrape.R","cells"
"D:/Users/martensn/BRAIN_DRAIN/Code/e_scrape.R","texts"
"D:/Users/martensn/BRAIN_DRAIN/Code/e_scrape.R","scrape_engineering_table"
"D:/Users/martensn/BRAIN_DRAIN/Code/e_scrape.R","business_url"
"D:/Users/martensn/BRAIN_DRAIN/Code/e_scrape.R","engineering_url"
"D:/Users/martensn/BRAIN_DRAIN/Code/e_scrape.R","business_schools"
"D:/Users/martensn/BRAIN_DRAIN/Code/e_scrape.R","engineering_schools"
"D:/Users/martensn/BRAIN_DRAIN/Code/e_scrape.R","be_sch"
"D:/Users/martensn/BRAIN_DRAIN/Code/intercensal.R","census_key"
"D:/Users/martensn/BRAIN_DRAIN/Code/intercensal.R","cbsa_shock"
"D:/Users/martensn/BRAIN_DRAIN/Code/intercensal.R","CensusFactorLevels"
"D:/Users/martensn/BRAIN_DRAIN/Code/intercensal.R","name"
"D:/Users/martensn/BRAIN_DRAIN/Code/intercensal.R","vintage"
"D:/Users/martensn/BRAIN_DRAIN/Code/intercensal.R","variable"
"D:/Users/martensn/BRAIN_DRAIN/Code/intercensal.R","file"
"D:/Users/martensn/BRAIN_DRAIN/Code/intercensal.R","Meta"
"D:/Users/martensn/BRAIN_DRAIN/Code/intercensal.R","p"
"D:/Users/martensn/BRAIN_DRAIN/Code/intercensal.R","get_agegroup"
"D:/Users/martensn/BRAIN_DRAIN/Code/intercensal.R","states"
"D:/Users/martensn/BRAIN_DRAIN/Code/intercensal.R","agegroups"
"D:/Users/martensn/BRAIN_DRAIN/Code/intercensal.R","results"
"D:/Users/martensn/BRAIN_DRAIN/Code/intercensal.R","state"
"D:/Users/martensn/BRAIN_DRAIN/Code/intercensal.R","age"
"D:/Users/martensn/BRAIN_DRAIN/Code/intercensal.R","state_code"
"D:/Users/martensn/BRAIN_DRAIN/Code/intercensal.R","temp"
"D:/Users/martensn/BRAIN_DRAIN/Code/intercensal.R","final_data"
"D:/Users/martensn/BRAIN_DRAIN/Code/intercensal.R","fips"
"D:/Users/martensn/BRAIN_DRAIN/Code/intercensal.R","raw_age_00"
"D:/Users/martensn/BRAIN_DRAIN/Code/intercensal.R","age_00"
"D:/Users/martensn/BRAIN_DRAIN/Code/intercensal.R","raw_age_10"
"D:/Users/martensn/BRAIN_DRAIN/Code/intercensal.R","age_10"
"D:/Users/martensn/BRAIN_DRAIN/Code/intercensal.R","raw_laus"
"D:/Users/martensn/BRAIN_DRAIN/Code/intercensal.R","laus"
"D:/Users/martensn/BRAIN_DRAIN/Code/intercensal.R","intercensal"
"D:/Users/martensn/BRAIN_DRAIN/Code/measure_return.R","data"
"D:/Users/martensn/BRAIN_DRAIN/Code/measure_return.R","reference_col"
"D:/Users/martensn/BRAIN_DRAIN/Code/measure_return.R","output_col"
"D:/Users/martensn/BRAIN_DRAIN/Code/measure_return.R","column_prefix"
"D:/Users/martensn/BRAIN_DRAIN/Code/measure_return.R","max"
"D:/Users/martensn/BRAIN_DRAIN/Code/measure_return.R","equality"
"D:/Users/martensn/BRAIN_DRAIN/Code/measure_return.R","matches"
"D:/Users/martensn/BRAIN_DRAIN/Code/measure_return.R","inequality"
"D:/Users/martensn/BRAIN_DRAIN/Code/measure_return.R","no_matches"
"D:/Users/martensn/BRAIN_DRAIN/Code/measure_return.R","has_data"
"D:/Users/martensn/BRAIN_DRAIN/Code/yagan.R","directory"
"D:/Users/martensn/BRAIN_DRAIN/Code/yagan.R","intercensal"
"D:/Users/martensn/BRAIN_DRAIN/Code/yagan.R","yagan"
"D:/Users/martensn/BRAIN_DRAIN/Code/yagan.R","start"
"D:/Users/martensn/BRAIN_DRAIN/Code/yagan.R","end"
"D:/Users/martensn/BRAIN_DRAIN/Code/yagan.R","yagan_sample"
"D:/Users/martensn/BRAIN_DRAIN/Code/yagan.R","ys"
"D:/Users/martensn/BRAIN_DRAIN/Code/yagan.R","ys_f"
"D:/Users/martensn/BRAIN_DRAIN/Code/yagan.R","ys_ff"
"D:/Users/martensn/BRAIN_DRAIN/Code/yagan.R","cbsa_start"
"D:/Users/martensn/BRAIN_DRAIN/Code/yagan.R","cbsa_end"
"D:/Users/martensn/BRAIN_DRAIN/Code/yagan.R","ic"
"D:/Users/martensn/BRAIN_DRAIN/Code/yagan.R","quantiles"
"D:/Users/martensn/BRAIN_DRAIN/Code/yagan.R","p"
"D:/Users/martensn/BRAIN_DRAIN/Code/yagan.R","ic_means"
"D:/Users/martensn/BRAIN_DRAIN/Code/yagan.R","ys_fff"
"D:/Users/martensn/BRAIN_DRAIN/Code/yagan.R","overall"
"D:/Users/martensn/BRAIN_DRAIN/Code/yagan.R","split"
"D:/Users/martensn/BRAIN_DRAIN/Code/yagan.R","s"
"D:/Users/martensn/BRAIN_DRAIN/Code/yagan.R","split_models"
"D:/Users/martensn/BRAIN_DRAIN/Code/new/00_alias_generation.R","directory"
"D:/Users/martensn/BRAIN_DRAIN/Code/new/00_alias_generation.R","private_school_filename"
"D:/Users/martensn/BRAIN_DRAIN/Code/new/00_alias_generation.R","private_school_address_filename"
"D:/Users/martensn/BRAIN_DRAIN/Code/new/00_alias_generation.R","study_start_year"
"D:/Users/martensn/BRAIN_DRAIN/Code/new/00_alias_generation.R","study_end_year"
"D:/Users/martensn/BRAIN_DRAIN/Code/new/00_alias_generation.R","first_non_missing"
"D:/Users/martensn/BRAIN_DRAIN/Code/new/00_alias_generation.R","x"
"D:/Users/martensn/BRAIN_DRAIN/Code/new/00_alias_generation.R","longest_string"
"D:/Users/martensn/BRAIN_DRAIN/Code/new/00_alias_generation.R","make_acronym"
"D:/Users/martensn/BRAIN_DRAIN/Code/new/00_alias_generation.R","words"
"D:/Users/martensn/BRAIN_DRAIN/Code/new/00_alias_generation.R","derive_aliases"
"D:/Users/martensn/BRAIN_DRAIN/Code/new/00_alias_generation.R","x_nodash"
"D:/Users/martensn/BRAIN_DRAIN/Code/new/00_alias_generation.R","base"
"D:/Users/martensn/BRAIN_DRAIN/Code/new/00_alias_generation.R","acronyms"
"D:/Users/martensn/BRAIN_DRAIN/Code/new/00_alias_generation.R","wmean"
"D:/Users/martensn/BRAIN_DRAIN/Code/new/00_alias_generation.R","w"
"D:/Users/martensn/BRAIN_DRAIN/Code/new/00_alias_generation.R","clean_strings"
"D:/Users/martensn/BRAIN_DRAIN/Code/new/00_alias_generation.R","generate_subunit_aliases"
"D:/Users/martensn/BRAIN_DRAIN/Code/new/00_alias_generation.R","subunit"
"D:/Users/martensn/BRAIN_DRAIN/Code/new/00_alias_generation.R","university"
"D:/Users/martensn/BRAIN_DRAIN/Code/new/00_alias_generation.R","allow_standalone"
"D:/Users/martensn/BRAIN_DRAIN/Code/new/00_alias_generation.R","base_forms"
"D:/Users/martensn/BRAIN_DRAIN/Code/new/00_alias_generation.R","derive_short_subunit"
"D:/Users/martensn/BRAIN_DRAIN/Code/new/00_alias_generation.R","single_x"
"D:/Users/martensn/BRAIN_DRAIN/Code/new/00_alias_generation.R","x_clean"
"D:/Users/martensn/BRAIN_DRAIN/Code/new/00_alias_generation.R","words_lower"
"D:/Users/martensn/BRAIN_DRAIN/Code/new/00_alias_generation.R","idx"
"D:/Users/martensn/BRAIN_DRAIN/Code/new/00_alias_generation.R","suffixes"
"D:/Users/martensn/BRAIN_DRAIN/Code/new/00_alias_generation.R","before"
"D:/Users/martensn/BRAIN_DRAIN/Code/new/00_alias_generation.R","before_lower"
"D:/Users/martensn/BRAIN_DRAIN/Code/new/00_alias_generation.R","keep_before"
"D:/Users/martensn/BRAIN_DRAIN/Code/new/00_alias_generation.R","surname"
"D:/Users/martensn/BRAIN_DRAIN/Code/new/00_alias_generation.R","after"
"D:/Users/martensn/BRAIN_DRAIN/Code/new/00_alias_generation.R","state_fips"
"D:/Users/martensn/BRAIN_DRAIN/Code/new/00_alias_generation.R","zcta"
"D:/Users/martensn/BRAIN_DRAIN/Code/new/00_alias_generation.R","county"
"D:/Users/martensn/BRAIN_DRAIN/Code/new/00_alias_generation.R","zcta_centroids"
"D:/Users/martensn/BRAIN_DRAIN/Code/new/00_alias_generation.R","county_centroids"
"D:/Users/martensn/BRAIN_DRAIN/Code/new/00_alias_generation.R","zcta_coords"
"D:/Users/martensn/BRAIN_DRAIN/Code/new/00_alias_generation.R","zcta_shrunk"
"D:/Users/martensn/BRAIN_DRAIN/Code/new/00_alias_generation.R","county_coords"
"D:/Users/martensn/BRAIN_DRAIN/Code/new/00_alias_generation.R","county_shrunk"
"D:/Users/martensn/BRAIN_DRAIN/Code/new/00_alias_generation.R","raw_public_dir"
"D:/Users/martensn/BRAIN_DRAIN/Code/new/00_alias_generation.R","raw_public_enroll"
"D:/Users/martensn/BRAIN_DRAIN/Code/new/00_alias_generation.R","pub_enr"
"D:/Users/martensn/BRAIN_DRAIN/Code/new/00_alias_generation.R","public"
"D:/Users/martensn/BRAIN_DRAIN/Code/new/00_alias_generation.R","raw_private"
"D:/Users/martensn/BRAIN_DRAIN/Code/new/00_alias_generation.R","raw_private_address"
"D:/Users/martensn/BRAIN_DRAIN/Code/new/00_alias_generation.R","private_geo"
"D:/Users/martensn/BRAIN_DRAIN/Code/new/00_alias_generation.R","priv"
"D:/Users/martensn/BRAIN_DRAIN/Code/new/00_alias_generation.R","batch_size"
"D:/Users/martensn/BRAIN_DRAIN/Code/new/00_alias_generation.R","batches"
"D:/Users/martensn/BRAIN_DRAIN/Code/new/00_alias_generation.R","private"
"D:/Users/martensn/BRAIN_DRAIN/Code/new/00_alias_generation.R","collapsed"
"D:/Users/martensn/BRAIN_DRAIN/Code/new/00_alias_generation.R","geo_zip"
"D:/Users/martensn/BRAIN_DRAIN/Code/new/00_alias_generation.R","geo_county"
"D:/Users/martensn/BRAIN_DRAIN/Code/new/00_alias_generation.R","imputed"
"D:/Users/martensn/BRAIN_DRAIN/Code/new/00_alias_generation.R","schools"
"D:/Users/martensn/BRAIN_DRAIN/Code/new/00_alias_generation.R","ambiguous"
"D:/Users/martensn/BRAIN_DRAIN/Code/new/00_alias_generation.R","raw_institutions"
"D:/Users/martensn/BRAIN_DRAIN/Code/new/00_alias_generation.R","raw_deg_award"
"D:/Users/martensn/BRAIN_DRAIN/Code/new/00_alias_generation.R","raw_instate"
"D:/Users/martensn/BRAIN_DRAIN/Code/new/00_alias_generation.R","deg_award_2000"
"D:/Users/martensn/BRAIN_DRAIN/Code/new/00_alias_generation.R","deg_award_2010"
"D:/Users/martensn/BRAIN_DRAIN/Code/new/00_alias_generation.R","deg_award_2020"
"D:/Users/martensn/BRAIN_DRAIN/Code/new/00_alias_generation.R","deg_award"
"D:/Users/martensn/BRAIN_DRAIN/Code/new/00_alias_generation.R","sub_ba"
"D:/Users/martensn/BRAIN_DRAIN/Code/new/00_alias_generation.R","geo"
"D:/Users/martensn/BRAIN_DRAIN/Code/new/00_alias_generation.R","missing_geo"
"D:/Users/martensn/BRAIN_DRAIN/Code/new/00_alias_generation.R","geocoded"
"D:/Users/martensn/BRAIN_DRAIN/Code/new/00_alias_generation.R","zipcoded"
"D:/Users/martensn/BRAIN_DRAIN/Code/new/00_alias_generation.R","mg"
"D:/Users/martensn/BRAIN_DRAIN/Code/new/00_alias_generation.R","col_geos"
"D:/Users/martensn/BRAIN_DRAIN/Code/new/00_alias_generation.R","awards_ba"
"D:/Users/martensn/BRAIN_DRAIN/Code/new/00_alias_generation.R","awards_as"
"D:/Users/martensn/BRAIN_DRAIN/Code/new/00_alias_generation.R","parent_overrides"
"D:/Users/martensn/BRAIN_DRAIN/Code/new/00_alias_generation.R","colleges"
"D:/Users/martensn/BRAIN_DRAIN/Code/new/00_alias_generation.R","hit"
"D:/Users/martensn/BRAIN_DRAIN/Code/new/00_alias_generation.R","cc"
"D:/Users/martensn/BRAIN_DRAIN/Code/new/00_alias_generation.R","system_abbrev_rules"
"D:/Users/martensn/BRAIN_DRAIN/Code/new/00_alias_generation.R","extract_branch"
"D:/Users/martensn/BRAIN_DRAIN/Code/new/00_alias_generation.R","inst_name"
"D:/Users/martensn/BRAIN_DRAIN/Code/new/00_alias_generation.R","parent"
"D:/Users/martensn/BRAIN_DRAIN/Code/new/00_alias_generation.R","patterns"
"D:/Users/martensn/BRAIN_DRAIN/Code/new/00_alias_generation.R","p"
"D:/Users/martensn/BRAIN_DRAIN/Code/new/00_alias_generation.R","derive_system_branch_aliases"
"D:/Users/martensn/BRAIN_DRAIN/Code/new/00_alias_generation.R","sys_abbrev"
"D:/Users/martensn/BRAIN_DRAIN/Code/new/00_alias_generation.R","branch"
"D:/Users/martensn/BRAIN_DRAIN/Code/new/00_alias_generation.R","systems"
"D:/Users/martensn/BRAIN_DRAIN/Code/new/00_alias_generation.R","derived_aliases"
"D:/Users/martensn/BRAIN_DRAIN/Code/new/00_alias_generation.R","derived_system_aliases"
"D:/Users/martensn/BRAIN_DRAIN/Code/new/00_alias_generation.R","system_branch_aliases"
"D:/Users/martensn/BRAIN_DRAIN/Code/new/00_alias_generation.R","raw_subunit"
"D:/Users/martensn/BRAIN_DRAIN/Code/new/00_alias_generation.R","subunit_counts"
"D:/Users/martensn/BRAIN_DRAIN/Code/new/00_alias_generation.R","subunit_aliases_full"
"D:/Users/martensn/BRAIN_DRAIN/Code/new/00_alias_generation.R","official_aliases"
"D:/Users/martensn/BRAIN_DRAIN/Code/new/00_alias_generation.R","donor_aliases"
"D:/Users/martensn/BRAIN_DRAIN/Code/new/00_alias_generation.R","subunit_aliases"
"D:/Users/martensn/BRAIN_DRAIN/Code/new/00_alias_generation.R","cc_derived_aliases"
"D:/Users/martensn/BRAIN_DRAIN/Code/new/00_alias_generation.R","system_aliases_expanded"
"D:/Users/martensn/BRAIN_DRAIN/Code/new/00_alias_generation.R","aliases_long"
"D:/Users/martensn/BRAIN_DRAIN/Code/new/00_alias_generation.R","alias_counts"
"D:/Users/martensn/BRAIN_DRAIN/Code/new/00_alias_generation.R","alias"
"D:/Users/martensn/BRAIN_DRAIN/Code/new/00_alias_generation.R","cc_system_aliases_expanded"
"D:/Users/martensn/BRAIN_DRAIN/Code/new/00_alias_generation.R","cc_aliases_long"
"D:/Users/martensn/BRAIN_DRAIN/Code/new/00_alias_generation.R","cc_alias_counts"
"D:/Users/martensn/BRAIN_DRAIN/Code/new/00_alias_generation.R","col_parents"
"D:/Users/martensn/BRAIN_DRAIN/Code/new/00_alias_generation.R","cc_alias"
"D:/Users/martensn/BRAIN_DRAIN/Code/new/00_alias_generation.R","as"
"D:/Users/martensn/BRAIN_DRAIN/Code/new/00_alias_generation.R","alias_weights"
"D:/Users/martensn/BRAIN_DRAIN/Code/new/00_alias_generation.R","expand_saint"
"D:/Users/martensn/BRAIN_DRAIN/Code/new/00_alias_generation.R","hs_terms"
"D:/Users/martensn/BRAIN_DRAIN/Code/new/00_alias_generation.R","hs_suffix_rx"
"D:/Users/martensn/BRAIN_DRAIN/Code/new/00_alias_generation.R","hs_any_rx"
"D:/Users/martensn/BRAIN_DRAIN/Code/new/00_alias_generation.R","add_city_prefix"
"D:/Users/martensn/BRAIN_DRAIN/Code/new/00_alias_generation.R","city"
"D:/Users/martensn/BRAIN_DRAIN/Code/new/00_alias_generation.R","derive_hs_aliases"
"D:/Users/martensn/BRAIN_DRAIN/Code/new/00_alias_generation.R","full"
"D:/Users/martensn/BRAIN_DRAIN/Code/new/00_alias_generation.R","base_aggressive"
"D:/Users/martensn/BRAIN_DRAIN/Code/new/00_alias_generation.R","high"
"D:/Users/martensn/BRAIN_DRAIN/Code/new/00_alias_generation.R","city_base"
"D:/Users/martensn/BRAIN_DRAIN/Code/new/00_alias_generation.R","aliases"
"D:/Users/martensn/BRAIN_DRAIN/Code/new/00_alias_generation.R","derived_hs_aliases"
"D:/Users/martensn/BRAIN_DRAIN/Code/new/00_alias_generation.R","hs_aliases_long"
"D:/Users/martensn/BRAIN_DRAIN/Code/new/00_alias_generation.R","hs_alias_counts"
"D:/Users/martensn/BRAIN_DRAIN/Code/new/00_alias_generation.R","hs_alias"
"D:/Users/martensn/BRAIN_DRAIN/Code/new/01_col_hs_crosswalk.R","directory"
"D:/Users/martensn/BRAIN_DRAIN/Code/new/01_col_hs_crosswalk.R","data_dir"
"D:/Users/martensn/BRAIN_DRAIN/Code/new/01_col_hs_crosswalk.R","file_dir"
"D:/Users/martensn/BRAIN_DRAIN/Code/new/01_col_hs_crosswalk.R","normalize_ed"
"D:/Users/martensn/BRAIN_DRAIN/Code/new/01_col_hs_crosswalk.R","x"
"D:/Users/martensn/BRAIN_DRAIN/Code/new/01_col_hs_crosswalk.R","college_rx"
"D:/Users/martensn/BRAIN_DRAIN/Code/new/01_col_hs_crosswalk.R","hs_rx"
"D:/Users/martensn/BRAIN_DRAIN/Code/new/01_col_hs_crosswalk.R","non_school_rx"
"D:/Users/martensn/BRAIN_DRAIN/Code/new/01_col_hs_crosswalk.R","college_weak_rx"
"D:/Users/martensn/BRAIN_DRAIN/Code/new/01_col_hs_crosswalk.R","hs_weak_rx"
"D:/Users/martensn/BRAIN_DRAIN/Code/new/01_col_hs_crosswalk.R","foreign_rx"
"D:/Users/martensn/BRAIN_DRAIN/Code/new/01_col_hs_crosswalk.R","has_non_latin_script"
"D:/Users/martensn/BRAIN_DRAIN/Code/new/01_col_hs_crosswalk.R","has_encoding_issue"
"D:/Users/martensn/BRAIN_DRAIN/Code/new/01_col_hs_crosswalk.R","has_any_letter"
"D:/Users/martensn/BRAIN_DRAIN/Code/new/01_col_hs_crosswalk.R","is_not_school"
"D:/Users/martensn/BRAIN_DRAIN/Code/new/01_col_hs_crosswalk.R","has_mojibake_strong"
"D:/Users/martensn/BRAIN_DRAIN/Code/new/01_col_hs_crosswalk.R","normalize_high_school"
"D:/Users/martensn/BRAIN_DRAIN/Code/new/01_col_hs_crosswalk.R","classify_ed_string"
"D:/Users/martensn/BRAIN_DRAIN/Code/new/01_col_hs_crosswalk.R","x_raw"
"D:/Users/martensn/BRAIN_DRAIN/Code/new/01_col_hs_crosswalk.R","input"
"D:/Users/martensn/BRAIN_DRAIN/Code/new/01_col_hs_crosswalk.R","input_col"
"D:/Users/martensn/BRAIN_DRAIN/Code/new/01_col_hs_crosswalk.R","col_alias"
"D:/Users/martensn/BRAIN_DRAIN/Code/new/01_col_hs_crosswalk.R","hs_alias"
"D:/Users/martensn/BRAIN_DRAIN/Code/new/01_col_hs_crosswalk.R","cc_alias"
"D:/Users/martensn/BRAIN_DRAIN/Code/new/01_col_hs_crosswalk.R","hs_alias_strings"
"D:/Users/martensn/BRAIN_DRAIN/Code/new/01_col_hs_crosswalk.R","col_alias_strings"
"D:/Users/martensn/BRAIN_DRAIN/Code/new/01_col_hs_crosswalk.R","cc_alias_strings"
"D:/Users/martensn/BRAIN_DRAIN/Code/new/01_col_hs_crosswalk.R","col_"
"D:/Users/martensn/BRAIN_DRAIN/Code/new/01_col_hs_crosswalk.R","hs_"
"D:/Users/martensn/BRAIN_DRAIN/Code/new/01_col_hs_crosswalk.R","col_unambig"
"D:/Users/martensn/BRAIN_DRAIN/Code/new/01_col_hs_crosswalk.R","hs_unambig"
"D:/Users/martensn/BRAIN_DRAIN/Code/new/01_col_hs_crosswalk.R","col_p0"
"D:/Users/martensn/BRAIN_DRAIN/Code/new/01_col_hs_crosswalk.R","col_p1"
"D:/Users/martensn/BRAIN_DRAIN/Code/new/01_col_hs_crosswalk.R","col_p2"
"D:/Users/martensn/BRAIN_DRAIN/Code/new/01_col_hs_crosswalk.R","col_p3"
"D:/Users/martensn/BRAIN_DRAIN/Code/new/01_col_hs_crosswalk.R","col_p4"
"D:/Users/martensn/BRAIN_DRAIN/Code/new/01_col_hs_crosswalk.R","hs_p0"
"D:/Users/martensn/BRAIN_DRAIN/Code/new/01_col_hs_crosswalk.R","hs_p1"
"D:/Users/martensn/BRAIN_DRAIN/Code/new/01_col_hs_crosswalk.R","hs_p2"
"D:/Users/martensn/BRAIN_DRAIN/Code/new/01_col_hs_crosswalk.R","hs_p3"
"D:/Users/martensn/BRAIN_DRAIN/Code/new/01_col_hs_crosswalk.R","hs_p4"
"D:/Users/martensn/BRAIN_DRAIN/Code/new/01_col_hs_crosswalk.R","matched_col"
"D:/Users/martensn/BRAIN_DRAIN/Code/new/01_col_hs_crosswalk.R","unmatched_col"
"D:/Users/martensn/BRAIN_DRAIN/Code/new/01_col_hs_crosswalk.R","matched_hs"
"D:/Users/martensn/BRAIN_DRAIN/Code/new/01_col_hs_crosswalk.R","unmatched_hs"
"D:/Users/martensn/BRAIN_DRAIN/Code/new/02_embed.R","directory"
"D:/Users/martensn/BRAIN_DRAIN/Code/new/02_embed.R","data_dir"
"D:/Users/martensn/BRAIN_DRAIN/Code/new/02_embed.R","state_fips"
"D:/Users/martensn/BRAIN_DRAIN/Code/new/02_embed.R","hs_threshold"
"D:/Users/martensn/BRAIN_DRAIN/Code/new/02_embed.R","col_threshold"
"D:/Users/martensn/BRAIN_DRAIN/Code/new/02_embed.R","batch_embed"
"D:/Users/martensn/BRAIN_DRAIN/Code/new/02_embed.R","strings"
"D:/Users/martensn/BRAIN_DRAIN/Code/new/02_embed.R","model"
"D:/Users/martensn/BRAIN_DRAIN/Code/new/02_embed.R","batch_size"
"D:/Users/martensn/BRAIN_DRAIN/Code/new/02_embed.R","batches"
"D:/Users/martensn/BRAIN_DRAIN/Code/new/02_embed.R","out"
"D:/Users/martensn/BRAIN_DRAIN/Code/new/02_embed.R","i"
"D:/Users/martensn/BRAIN_DRAIN/Code/new/02_embed.R","resp"
"D:/Users/martensn/BRAIN_DRAIN/Code/new/02_embed.R","cosine_sim"
"D:/Users/martensn/BRAIN_DRAIN/Code/new/02_embed.R","x"
"D:/Users/martensn/BRAIN_DRAIN/Code/new/02_embed.R","Y"
"D:/Users/martensn/BRAIN_DRAIN/Code/new/02_embed.R","faiss"
"D:/Users/martensn/BRAIN_DRAIN/Code/new/02_embed.R","np"
"D:/Users/martensn/BRAIN_DRAIN/Code/new/02_embed.R","build_faiss_index"
"D:/Users/martensn/BRAIN_DRAIN/Code/new/02_embed.R","alias_matrix"
"D:/Users/martensn/BRAIN_DRAIN/Code/new/02_embed.R","normalize"
"D:/Users/martensn/BRAIN_DRAIN/Code/new/02_embed.R","A"
"D:/Users/martensn/BRAIN_DRAIN/Code/new/02_embed.R","A_np"
"D:/Users/martensn/BRAIN_DRAIN/Code/new/02_embed.R","d"
"D:/Users/martensn/BRAIN_DRAIN/Code/new/02_embed.R","index"
"D:/Users/martensn/BRAIN_DRAIN/Code/new/02_embed.R","top_embed"
"D:/Users/martensn/BRAIN_DRAIN/Code/new/02_embed.R","raw_resp"
"D:/Users/martensn/BRAIN_DRAIN/Code/new/02_embed.R","alias_resp"
"D:/Users/martensn/BRAIN_DRAIN/Code/new/02_embed.R","n"
"D:/Users/martensn/BRAIN_DRAIN/Code/new/02_embed.R","Q"
"D:/Users/martensn/BRAIN_DRAIN/Code/new/02_embed.R","Q_np"
"D:/Users/martensn/BRAIN_DRAIN/Code/new/02_embed.R","res"
"D:/Users/martensn/BRAIN_DRAIN/Code/new/02_embed.R","scores"
"D:/Users/martensn/BRAIN_DRAIN/Code/new/02_embed.R","idx"
"D:/Users/martensn/BRAIN_DRAIN/Code/new/02_embed.R","col_alias"
"D:/Users/martensn/BRAIN_DRAIN/Code/new/02_embed.R","unmatched_col"
"D:/Users/martensn/BRAIN_DRAIN/Code/new/02_embed.R","hs_alias"
"D:/Users/martensn/BRAIN_DRAIN/Code/new/02_embed.R","unmatched_hs"
"D:/Users/martensn/BRAIN_DRAIN/Code/new/02_embed.R","col_alias_strings"
"D:/Users/martensn/BRAIN_DRAIN/Code/new/02_embed.R","hs_alias_strings"
"D:/Users/martensn/BRAIN_DRAIN/Code/new/02_embed.R","col_raw_input"
"D:/Users/martensn/BRAIN_DRAIN/Code/new/02_embed.R","col_raw_resp"
"D:/Users/martensn/BRAIN_DRAIN/Code/new/02_embed.R","col_alias_input"
"D:/Users/martensn/BRAIN_DRAIN/Code/new/02_embed.R","col_alias_resp"
"D:/Users/martensn/BRAIN_DRAIN/Code/new/02_embed.R","col_alias_embed"
"D:/Users/martensn/BRAIN_DRAIN/Code/new/02_embed.R","col_alias_embed_matrix"
"D:/Users/martensn/BRAIN_DRAIN/Code/new/02_embed.R","col_faiss_index"
"D:/Users/martensn/BRAIN_DRAIN/Code/new/02_embed.R","col_raw_embed"
"D:/Users/martensn/BRAIN_DRAIN/Code/new/02_embed.R","col_ambig_flag"
"D:/Users/martensn/BRAIN_DRAIN/Code/new/02_embed.R","col_embed"
"D:/Users/martensn/BRAIN_DRAIN/Code/new/02_embed.R","hs_raw_input"
"D:/Users/martensn/BRAIN_DRAIN/Code/new/02_embed.R","hs_raw_resp"
"D:/Users/martensn/BRAIN_DRAIN/Code/new/02_embed.R","hs_alias_input"
"D:/Users/martensn/BRAIN_DRAIN/Code/new/02_embed.R","hs_alias_resp"
"D:/Users/martensn/BRAIN_DRAIN/Code/new/02_embed.R","hs_alias_embed"
"D:/Users/martensn/BRAIN_DRAIN/Code/new/02_embed.R","hs_alias_embed_matrix"
"D:/Users/martensn/BRAIN_DRAIN/Code/new/02_embed.R","hs_faiss_index"
"D:/Users/martensn/BRAIN_DRAIN/Code/new/02_embed.R","hs_raw_embed"
"D:/Users/martensn/BRAIN_DRAIN/Code/new/02_embed.R","hs_ambig_flag"
"D:/Users/martensn/BRAIN_DRAIN/Code/new/02_embed.R","hs_embed"
"D:/Users/martensn/BRAIN_DRAIN/Code/new/02_embed_new.R","directory"
"D:/Users/martensn/BRAIN_DRAIN/Code/new/02_embed_new.R","edufilename1"
"D:/Users/martensn/BRAIN_DRAIN/Code/new/02_embed_new.R","edufilename1edit"
"D:/Users/martensn/BRAIN_DRAIN/Code/new/02_embed_new.R","edufilename2"
"D:/Users/martensn/BRAIN_DRAIN/Code/new/02_embed_new.R","edutfilename2edit"
"D:/Users/martensn/BRAIN_DRAIN/Code/new/02_embed_new.R","misfitscorrection"
"D:/Users/martensn/BRAIN_DRAIN/Code/new/02_embed_new.R","hs_threshold"
"D:/Users/martensn/BRAIN_DRAIN/Code/new/02_embed_new.R","col_threshold"
"D:/Users/martensn/BRAIN_DRAIN/Code/new/02_embed_new.R","normalize_ed"
"D:/Users/martensn/BRAIN_DRAIN/Code/new/02_embed_new.R","x"
"D:/Users/martensn/BRAIN_DRAIN/Code/new/02_embed_new.R","college_rx"
"D:/Users/martensn/BRAIN_DRAIN/Code/new/02_embed_new.R","hs_rx"
"D:/Users/martensn/BRAIN_DRAIN/Code/new/02_embed_new.R","non_school_rx"
"D:/Users/martensn/BRAIN_DRAIN/Code/new/02_embed_new.R","college_weak_rx"
"D:/Users/martensn/BRAIN_DRAIN/Code/new/02_embed_new.R","hs_weak_rx"
"D:/Users/martensn/BRAIN_DRAIN/Code/new/02_embed_new.R","foreign_rx"
"D:/Users/martensn/BRAIN_DRAIN/Code/new/02_embed_new.R","has_non_latin_script"
"D:/Users/martensn/BRAIN_DRAIN/Code/new/02_embed_new.R","has_encoding_issue"
"D:/Users/martensn/BRAIN_DRAIN/Code/new/02_embed_new.R","has_any_letter"
"D:/Users/martensn/BRAIN_DRAIN/Code/new/02_embed_new.R","is_not_school"
"D:/Users/martensn/BRAIN_DRAIN/Code/new/02_embed_new.R","has_mojibake_strong"
"D:/Users/martensn/BRAIN_DRAIN/Code/new/02_embed_new.R","classify_ed_string"
"D:/Users/martensn/BRAIN_DRAIN/Code/new/02_embed_new.R","x_raw"
"D:/Users/martensn/BRAIN_DRAIN/Code/new/02_embed_new.R","normalize_high_school"
"D:/Users/martensn/BRAIN_DRAIN/Code/new/02_embed_new.R","batch_embed"
"D:/Users/martensn/BRAIN_DRAIN/Code/new/02_embed_new.R","strings"
"D:/Users/martensn/BRAIN_DRAIN/Code/new/02_embed_new.R","model"
"D:/Users/martensn/BRAIN_DRAIN/Code/new/02_embed_new.R","batch_size"
"D:/Users/martensn/BRAIN_DRAIN/Code/new/02_embed_new.R","batches"
"D:/Users/martensn/BRAIN_DRAIN/Code/new/02_embed_new.R","out"
"D:/Users/martensn/BRAIN_DRAIN/Code/new/02_embed_new.R","i"
"D:/Users/martensn/BRAIN_DRAIN/Code/new/02_embed_new.R","resp"
"D:/Users/martensn/BRAIN_DRAIN/Code/new/02_embed_new.R","cosine_sim"
"D:/Users/martensn/BRAIN_DRAIN/Code/new/02_embed_new.R","Y"
"D:/Users/martensn/BRAIN_DRAIN/Code/new/02_embed_new.R","faiss"
"D:/Users/martensn/BRAIN_DRAIN/Code/new/02_embed_new.R","np"
"D:/Users/martensn/BRAIN_DRAIN/Code/new/02_embed_new.R","build_faiss_index"
"D:/Users/martensn/BRAIN_DRAIN/Code/new/02_embed_new.R","alias_matrix"
"D:/Users/martensn/BRAIN_DRAIN/Code/new/02_embed_new.R","normalize"
"D:/Users/martensn/BRAIN_DRAIN/Code/new/02_embed_new.R","A"
"D:/Users/martensn/BRAIN_DRAIN/Code/new/02_embed_new.R","A_np"
"D:/Users/martensn/BRAIN_DRAIN/Code/new/02_embed_new.R","d"
"D:/Users/martensn/BRAIN_DRAIN/Code/new/02_embed_new.R","index"
"D:/Users/martensn/BRAIN_DRAIN/Code/new/02_embed_new.R","top_embed"
"D:/Users/martensn/BRAIN_DRAIN/Code/new/02_embed_new.R","raw_resp"
"D:/Users/martensn/BRAIN_DRAIN/Code/new/02_embed_new.R","alias_resp"
"D:/Users/martensn/BRAIN_DRAIN/Code/new/02_embed_new.R","n"
"D:/Users/martensn/BRAIN_DRAIN/Code/new/02_embed_new.R","Q"
"D:/Users/martensn/BRAIN_DRAIN/Code/new/02_embed_new.R","Q_np"
"D:/Users/martensn/BRAIN_DRAIN/Code/new/02_embed_new.R","res"
"D:/Users/martensn/BRAIN_DRAIN/Code/new/02_embed_new.R","scores"
"D:/Users/martensn/BRAIN_DRAIN/Code/new/02_embed_new.R","idx"
"D:/Users/martensn/BRAIN_DRAIN/Code/new/02_embed_new.R","classify_col_at_threshold"
"D:/Users/martensn/BRAIN_DRAIN/Code/new/02_embed_new.R","df"
"D:/Users/martensn/BRAIN_DRAIN/Code/new/02_embed_new.R","threshold"
"D:/Users/martensn/BRAIN_DRAIN/Code/new/02_embed_new.R","classify_hs_at_threshold"
"D:/Users/martensn/BRAIN_DRAIN/Code/new/02_embed_new.R","hs_alias"
"D:/Users/martensn/BRAIN_DRAIN/Code/new/02_embed_new.R","col_alias"
"D:/Users/martensn/BRAIN_DRAIN/Code/new/02_embed_new.R","cc_alias"
"D:/Users/martensn/BRAIN_DRAIN/Code/new/02_embed_new.R","hs_alias_strings"
"D:/Users/martensn/BRAIN_DRAIN/Code/new/02_embed_new.R","col_alias_strings"
"D:/Users/martensn/BRAIN_DRAIN/Code/new/02_embed_new.R","cc_alias_strings"
"D:/Users/martensn/BRAIN_DRAIN/Code/new/02_embed_new.R","input_col"
"D:/Users/martensn/BRAIN_DRAIN/Code/new/02_embed_new.R","col_p0"
"D:/Users/martensn/BRAIN_DRAIN/Code/new/02_embed_new.R","col_p1"
"D:/Users/martensn/BRAIN_DRAIN/Code/new/02_embed_new.R","col_exact_ambig"
"D:/Users/martensn/BRAIN_DRAIN/Code/new/02_embed_new.R","col_p2"
"D:/Users/martensn/BRAIN_DRAIN/Code/new/02_embed_new.R","cc_p0"
"D:/Users/martensn/BRAIN_DRAIN/Code/new/02_embed_new.R","cc_p1"
"D:/Users/martensn/BRAIN_DRAIN/Code/new/02_embed_new.R","cc_exact_ambig"
"D:/Users/martensn/BRAIN_DRAIN/Code/new/02_embed_new.R","cc_p2"
"D:/Users/martensn/BRAIN_DRAIN/Code/new/02_embed_new.R","hs_p0"
"D:/Users/martensn/BRAIN_DRAIN/Code/new/02_embed_new.R","hs_p1"
"D:/Users/martensn/BRAIN_DRAIN/Code/new/02_embed_new.R","hs_exact_ambig"
"D:/Users/martensn/BRAIN_DRAIN/Code/new/02_embed_new.R","hs_p2"
"D:/Users/martensn/BRAIN_DRAIN/Code/new/02_embed_new.R","matched_rsid"
"D:/Users/martensn/BRAIN_DRAIN/Code/new/02_embed_new.R","unm"
"D:/Users/martensn/BRAIN_DRAIN/Code/new/02_embed_new.R","unm_wide"
"D:/Users/martensn/BRAIN_DRAIN/Code/new/02_embed_new.R","unm_cc"
"D:/Users/martensn/BRAIN_DRAIN/Code/new/02_embed_new.R","unm_col"
"D:/Users/martensn/BRAIN_DRAIN/Code/new/02_embed_new.R","unm_hs"
"D:/Users/martensn/BRAIN_DRAIN/Code/new/02_embed_new.R","unm_remaining"
"D:/Users/martensn/BRAIN_DRAIN/Code/new/02_embed_new.R","unmatched_col"
"D:/Users/martensn/BRAIN_DRAIN/Code/new/02_embed_new.R","unmatched_hs"
"D:/Users/martensn/BRAIN_DRAIN/Code/new/02_embed_new.R","col_raw_input"
"D:/Users/martensn/BRAIN_DRAIN/Code/new/02_embed_new.R","col_raw_resp"
"D:/Users/martensn/BRAIN_DRAIN/Code/new/02_embed_new.R","col_alias_input"
"D:/Users/martensn/BRAIN_DRAIN/Code/new/02_embed_new.R","col_alias_resp"
"D:/Users/martensn/BRAIN_DRAIN/Code/new/02_embed_new.R","col_alias_embed"
"D:/Users/martensn/BRAIN_DRAIN/Code/new/02_embed_new.R","col_alias_embed_matrix"
"D:/Users/martensn/BRAIN_DRAIN/Code/new/02_embed_new.R","col_faiss_index"
"D:/Users/martensn/BRAIN_DRAIN/Code/new/02_embed_new.R","col_raw_embed"
"D:/Users/martensn/BRAIN_DRAIN/Code/new/02_embed_new.R","col_ambig_flag"
"D:/Users/martensn/BRAIN_DRAIN/Code/new/02_embed_new.R","col_embed"
"D:/Users/martensn/BRAIN_DRAIN/Code/new/02_embed_new.R","col_exact"
"D:/Users/martensn/BRAIN_DRAIN/Code/new/02_embed_new.R","col_"
"D:/Users/martensn/BRAIN_DRAIN/Code/new/02_embed_new.R","remaining_col"
"D:/Users/martensn/BRAIN_DRAIN/Code/new/02_embed_new.R","unmatched_cc"
"D:/Users/martensn/BRAIN_DRAIN/Code/new/02_embed_new.R","cc_raw_input"
"D:/Users/martensn/BRAIN_DRAIN/Code/new/02_embed_new.R","cc_raw_resp"
"D:/Users/martensn/BRAIN_DRAIN/Code/new/02_embed_new.R","cc_alias_input"
"D:/Users/martensn/BRAIN_DRAIN/Code/new/02_embed_new.R","cc_alias_resp"
"D:/Users/martensn/BRAIN_DRAIN/Code/new/02_embed_new.R","cc_alias_embed"
"D:/Users/martensn/BRAIN_DRAIN/Code/new/02_embed_new.R","cc_alias_embed_matrix"
"D:/Users/martensn/BRAIN_DRAIN/Code/new/02_embed_new.R","cc_faiss_index"
"D:/Users/martensn/BRAIN_DRAIN/Code/new/02_embed_new.R","cc_raw_embed"
"D:/Users/martensn/BRAIN_DRAIN/Code/new/02_embed_new.R","cc_ambig_flag"
"D:/Users/martensn/BRAIN_DRAIN/Code/new/02_embed_new.R","cc_embed"
"D:/Users/martensn/BRAIN_DRAIN/Code/new/02_embed_new.R","cc_exact"
"D:/Users/martensn/BRAIN_DRAIN/Code/new/02_embed_new.R","cc_"
"D:/Users/martensn/BRAIN_DRAIN/Code/new/02_embed_new.R","remaining_cc"
"D:/Users/martensn/BRAIN_DRAIN/Code/new/02_embed_new.R","hs_raw_input"
"D:/Users/martensn/BRAIN_DRAIN/Code/new/02_embed_new.R","hs_raw_resp"
"D:/Users/martensn/BRAIN_DRAIN/Code/new/02_embed_new.R","hs_alias_input"
"D:/Users/martensn/BRAIN_DRAIN/Code/new/02_embed_new.R","hs_alias_resp"
"D:/Users/martensn/BRAIN_DRAIN/Code/new/02_embed_new.R","hs_alias_embed"
"D:/Users/martensn/BRAIN_DRAIN/Code/new/02_embed_new.R","hs_alias_embed_matrix"
"D:/Users/martensn/BRAIN_DRAIN/Code/new/02_embed_new.R","hs_faiss_index"
"D:/Users/martensn/BRAIN_DRAIN/Code/new/02_embed_new.R","hs_raw_embed"
"D:/Users/martensn/BRAIN_DRAIN/Code/new/02_embed_new.R","hs_ambig_flag"
"D:/Users/martensn/BRAIN_DRAIN/Code/new/02_embed_new.R","hs_embed"
"D:/Users/martensn/BRAIN_DRAIN/Code/new/02_embed_new.R","hs_exact"
"D:/Users/martensn/BRAIN_DRAIN/Code/new/02_embed_new.R","hs_"
"D:/Users/martensn/BRAIN_DRAIN/Code/new/02_embed_new.R","remaining_hs"
"D:/Users/martensn/BRAIN_DRAIN/Code/new/03_crosswalk_val.R","directory"
"D:/Users/martensn/BRAIN_DRAIN/Code/new/03_crosswalk_val.R","data_dir"
"D:/Users/martensn/BRAIN_DRAIN/Code/new/03_crosswalk_val.R","colleges"
"D:/Users/martensn/BRAIN_DRAIN/Code/new/03_crosswalk_val.R","matched_col"
"D:/Users/martensn/BRAIN_DRAIN/Code/new/03_crosswalk_val.R","unmatched_col"
"D:/Users/martensn/BRAIN_DRAIN/Code/new/03_crosswalk_val.R","col_wo_rsid"
"D:/Users/martensn/BRAIN_DRAIN/Code/new/03_crosswalk_val.R","rsid_wo_col"
"D:/Users/martensn/BRAIN_DRAIN/Code/new/03_crosswalk_val.R","matches_col"
"D:/Users/martensn/BRAIN_DRAIN/Code/new/03_crosswalk_val.R","dup_rsid"
"D:/Users/martensn/BRAIN_DRAIN/Code/new/03_crosswalk_val.R","dupes"
"D:/Users/martensn/BRAIN_DRAIN/Code/new/03_crosswalk_val.R","dedup"
"D:/Users/martensn/BRAIN_DRAIN/Code/new/03_crosswalk_val.R","col_rsid_crosswalk"
"D:/Users/martensn/BRAIN_DRAIN/Code/new/03_crosswalk_val.R","col_rsid_diagnostics"
"D:/Users/martensn/BRAIN_DRAIN/Code/new/03_crosswalk_val.R","cc"
"D:/Users/martensn/BRAIN_DRAIN/Code/new/03_crosswalk_val.R","matched_cc"
"D:/Users/martensn/BRAIN_DRAIN/Code/new/03_crosswalk_val.R","unmatched_cc"
"D:/Users/martensn/BRAIN_DRAIN/Code/new/03_crosswalk_val.R","matches_cc"
"D:/Users/martensn/BRAIN_DRAIN/Code/new/03_crosswalk_val.R","cc_dup_rsid"
"D:/Users/martensn/BRAIN_DRAIN/Code/new/03_crosswalk_val.R","cc_dupes"
"D:/Users/martensn/BRAIN_DRAIN/Code/new/03_crosswalk_val.R","cc_dedup"
"D:/Users/martensn/BRAIN_DRAIN/Code/new/03_crosswalk_val.R","cc_rsid_crosswalk"
"D:/Users/martensn/BRAIN_DRAIN/Code/new/03_crosswalk_val.R","cc_rsid_diagnostics"
"D:/Users/martensn/BRAIN_DRAIN/Code/new/03_crosswalk_val.R","cc_under_represented"
"D:/Users/martensn/BRAIN_DRAIN/Code/new/03_crosswalk_val.R","cc_scragglers"
"D:/Users/martensn/BRAIN_DRAIN/Code/new/03_crosswalk_val.R","schools"
"D:/Users/martensn/BRAIN_DRAIN/Code/new/03_crosswalk_val.R","matched_hs"
"D:/Users/martensn/BRAIN_DRAIN/Code/new/03_crosswalk_val.R","unmatched_hs"
"D:/Users/martensn/BRAIN_DRAIN/Code/new/03_crosswalk_val.R","dup_rsid_hs"
"D:/Users/martensn/BRAIN_DRAIN/Code/new/03_crosswalk_val.R","matches_hs"
"D:/Users/martensn/BRAIN_DRAIN/Code/new/03_crosswalk_val.R","rsid_id_dup_crosswalk"
"D:/Users/martensn/BRAIN_DRAIN/Code/new/03_crosswalk_val.R","hs_rsid_crosswalk"
"D:/Users/martensn/BRAIN_DRAIN/Code/new/04_col_hs_construct.R","directory"
"D:/Users/martensn/BRAIN_DRAIN/Code/new/04_col_hs_construct.R","data_dir"
"D:/Users/martensn/BRAIN_DRAIN/Code/new/04_col_hs_construct.R","prep_hs_candidates"
"D:/Users/martensn/BRAIN_DRAIN/Code/new/04_col_hs_construct.R","schools"
"D:/Users/martensn/BRAIN_DRAIN/Code/new/04_col_hs_construct.R","state_fips"
"D:/Users/martensn/BRAIN_DRAIN/Code/new/04_col_hs_construct.R","verbose"
"D:/Users/martensn/BRAIN_DRAIN/Code/new/04_col_hs_construct.R","out"
"D:/Users/martensn/BRAIN_DRAIN/Code/new/04_col_hs_construct.R","prep_unit_state_probs"
"D:/Users/martensn/BRAIN_DRAIN/Code/new/04_col_hs_construct.R","instate"
"D:/Users/martensn/BRAIN_DRAIN/Code/new/04_col_hs_construct.R","colleges"
"D:/Users/martensn/BRAIN_DRAIN/Code/new/04_col_hs_construct.R","alpha"
"D:/Users/martensn/BRAIN_DRAIN/Code/new/04_col_hs_construct.R","state_map"
"D:/Users/martensn/BRAIN_DRAIN/Code/new/04_col_hs_construct.R","unit_state_obs"
"D:/Users/martensn/BRAIN_DRAIN/Code/new/04_col_hs_construct.R","observed_units"
"D:/Users/martensn/BRAIN_DRAIN/Code/new/04_col_hs_construct.R","missing_units"
"D:/Users/martensn/BRAIN_DRAIN/Code/new/04_col_hs_construct.R","national_state"
"D:/Users/martensn/BRAIN_DRAIN/Code/new/04_col_hs_construct.R","missing_dt"
"D:/Users/martensn/BRAIN_DRAIN/Code/new/04_col_hs_construct.R","unit_state_imp"
"D:/Users/martensn/BRAIN_DRAIN/Code/new/04_col_hs_construct.R","match_ambiguous_hs"
"D:/Users/martensn/BRAIN_DRAIN/Code/new/04_col_hs_construct.R","users"
"D:/Users/martensn/BRAIN_DRAIN/Code/new/04_col_hs_construct.R","hs_candidates"
"D:/Users/martensn/BRAIN_DRAIN/Code/new/04_col_hs_construct.R","unit_state"
"D:/Users/martensn/BRAIN_DRAIN/Code/new/04_col_hs_construct.R","seed"
"D:/Users/martensn/BRAIN_DRAIN/Code/new/04_col_hs_construct.R","req"
"D:/Users/martensn/BRAIN_DRAIN/Code/new/04_col_hs_construct.R","miss"
"D:/Users/martensn/BRAIN_DRAIN/Code/new/04_col_hs_construct.R","cand"
"D:/Users/martensn/BRAIN_DRAIN/Code/new/04_col_hs_construct.R","chosen"
"D:/Users/martensn/BRAIN_DRAIN/Code/new/04_col_hs_construct.R","pick_earliest_level"
"D:/Users/martensn/BRAIN_DRAIN/Code/new/04_col_hs_construct.R","dt"
"D:/Users/martensn/BRAIN_DRAIN/Code/new/04_col_hs_construct.R","levels"
"D:/Users/martensn/BRAIN_DRAIN/Code/new/04_col_hs_construct.R","prefix"
"D:/Users/martensn/BRAIN_DRAIN/Code/new/04_col_hs_construct.R","tmp"
"D:/Users/martensn/BRAIN_DRAIN/Code/new/04_col_hs_construct.R","input_"
"D:/Users/martensn/BRAIN_DRAIN/Code/new/04_col_hs_construct.R","col_rsid_crosswalk"
"D:/Users/martensn/BRAIN_DRAIN/Code/new/04_col_hs_construct.R","cc_rsid_crosswalk"
"D:/Users/martensn/BRAIN_DRAIN/Code/new/04_col_hs_construct.R","hs_rsid_crosswalk"
"D:/Users/martensn/BRAIN_DRAIN/Code/new/04_col_hs_construct.R","input_hs"
"D:/Users/martensn/BRAIN_DRAIN/Code/new/04_col_hs_construct.R","input_col"
"D:/Users/martensn/BRAIN_DRAIN/Code/new/04_col_hs_construct.R","both_"
"D:/Users/martensn/BRAIN_DRAIN/Code/new/04_col_hs_construct.R","keep_users"
"D:/Users/martensn/BRAIN_DRAIN/Code/new/04_col_hs_construct.R","extra_ed"
"D:/Users/martensn/BRAIN_DRAIN/Code/new/04_col_hs_construct.R","col_transfer"
"D:/Users/martensn/BRAIN_DRAIN/Code/new/04_col_hs_construct.R","cc_transfer"
"D:/Users/martensn/BRAIN_DRAIN/Code/new/04_col_hs_construct.R","col_transfer_dedup"
"D:/Users/martensn/BRAIN_DRAIN/Code/new/04_col_hs_construct.R","colts"
"D:/Users/martensn/BRAIN_DRAIN/Code/new/04_col_hs_construct.R","earliest_li"
"D:/Users/martensn/BRAIN_DRAIN/Code/new/04_col_hs_construct.R","ba_corrected"
"D:/Users/martensn/BRAIN_DRAIN/Code/new/04_col_hs_construct.R","ba"
"D:/Users/martensn/BRAIN_DRAIN/Code/new/04_col_hs_construct.R","cc_transfer_dedup"
"D:/Users/martensn/BRAIN_DRAIN/Code/new/04_col_hs_construct.R","extra_ed_long"
"D:/Users/martensn/BRAIN_DRAIN/Code/new/04_col_hs_construct.R","extra_levels"
"D:/Users/martensn/BRAIN_DRAIN/Code/new/04_col_hs_construct.R","hs_dt"
"D:/Users/martensn/BRAIN_DRAIN/Code/new/04_col_hs_construct.R","ba_transfer_dt"
"D:/Users/martensn/BRAIN_DRAIN/Code/new/04_col_hs_construct.R","associate_dt"
"D:/Users/martensn/BRAIN_DRAIN/Code/new/04_col_hs_construct.R","master_dt"
"D:/Users/martensn/BRAIN_DRAIN/Code/new/04_col_hs_construct.R","mba_dt"
"D:/Users/martensn/BRAIN_DRAIN/Code/new/04_col_hs_construct.R","doctor_dt"
"D:/Users/martensn/BRAIN_DRAIN/Code/new/04_col_hs_construct.R","both"
"D:/Users/martensn/BRAIN_DRAIN/Code/new/04_col_hs_construct.R","x"
"D:/Users/martensn/BRAIN_DRAIN/Code/new/04_col_hs_construct.R","y"
"D:/Users/martensn/BRAIN_DRAIN/Code/new/04_col_hs_construct.R","sample"
"D:/Users/martensn/BRAIN_DRAIN/Code/new/04_col_hs_construct.R","raw_instate"
"D:/Users/martensn/BRAIN_DRAIN/Code/new/04_col_hs_construct.R","rsid_id_dup_crosswalk"
"D:/Users/martensn/BRAIN_DRAIN/Code/new/04_col_hs_construct.R","alpha_results"
"D:/Users/martensn/BRAIN_DRAIN/Code/new/04_col_hs_construct.R","a"
"D:/Users/martensn/BRAIN_DRAIN/Code/new/04_col_hs_construct.R","matched_hs"
"D:/Users/martensn/BRAIN_DRAIN/Code/new/04_col_hs_construct.R","matched_hs_dt"
"D:/Users/martensn/BRAIN_DRAIN/Code/new/04_col_hs_construct.R","both_no_hs"
"D:/Users/martensn/BRAIN_DRAIN/Code/new/04_col_hs_construct.R","hs_prob"
"D:/Users/martensn/BRAIN_DRAIN/Code/new/04_col_hs_construct.R","hs_det"
"D:/Users/martensn/BRAIN_DRAIN/Code/new/04_col_hs_construct.R","both__"
"D:/Users/martensn/BRAIN_DRAIN/Code/new/04_col_hs_construct.R","col_grad_wt"
"D:/Users/martensn/BRAIN_DRAIN/Code/new/04_col_hs_construct.R","col_instate"
"D:/Users/martensn/BRAIN_DRAIN/Code/new/04_col_hs_construct.R","comparison"
"D:/Users/martensn/BRAIN_DRAIN/Code/new/04_col_hs_construct.R","model"
"D:/Users/martensn/BRAIN_DRAIN/Code/new/05_demographics.R","directory"
"D:/Users/martensn/BRAIN_DRAIN/Code/new/05_demographics.R","data_dir"
"D:/Users/martensn/BRAIN_DRAIN/Code/new/05_demographics.R","sex_cols"
"D:/Users/martensn/BRAIN_DRAIN/Code/new/05_demographics.R","race_cols"
"D:/Users/martensn/BRAIN_DRAIN/Code/new/05_demographics.R","sex_labels"
"D:/Users/martensn/BRAIN_DRAIN/Code/new/05_demographics.R","race_labels"
"D:/Users/martensn/BRAIN_DRAIN/Code/new/05_demographics.R","state_region_crosswalk"
"D:/Users/martensn/BRAIN_DRAIN/Code/new/05_demographics.R","draw_category"
"D:/Users/martensn/BRAIN_DRAIN/Code/new/05_demographics.R","probs"
"D:/Users/martensn/BRAIN_DRAIN/Code/new/05_demographics.R","labels"
"D:/Users/martensn/BRAIN_DRAIN/Code/new/05_demographics.R","both__"
"D:/Users/martensn/BRAIN_DRAIN/Code/new/05_demographics.R","users"
"D:/Users/martensn/BRAIN_DRAIN/Code/new/05_demographics.R","users_"
"D:/Users/martensn/BRAIN_DRAIN/Code/new/05_demographics.R","final"
"D:/Users/martensn/BRAIN_DRAIN/Code/new/05_demographics.R","wide_summary_to_long"
"D:/Users/martensn/BRAIN_DRAIN/Code/new/05_demographics.R","x"
"D:/Users/martensn/BRAIN_DRAIN/Code/new/05_demographics.R","section"
"D:/Users/martensn/BRAIN_DRAIN/Code/new/05_demographics.R","counts"
"D:/Users/martensn/BRAIN_DRAIN/Code/new/05_demographics.R","counts_long"
"D:/Users/martensn/BRAIN_DRAIN/Code/new/05_demographics.R","race_long"
"D:/Users/martensn/BRAIN_DRAIN/Code/new/05_demographics.R","sex_long"
"D:/Users/martensn/BRAIN_DRAIN/Code/new/05_demographics.R","ba_transfer"
"D:/Users/martensn/BRAIN_DRAIN/Code/new/05_demographics.R","ba_transfer_long"
"D:/Users/martensn/BRAIN_DRAIN/Code/new/05_demographics.R","hs_counts"
"D:/Users/martensn/BRAIN_DRAIN/Code/new/05_demographics.R","hs_counts_long"
"D:/Users/martensn/BRAIN_DRAIN/Code/new/05_demographics.R","col_counts"
"D:/Users/martensn/BRAIN_DRAIN/Code/new/05_demographics.R","col_counts_long"
"D:/Users/martensn/BRAIN_DRAIN/Code/new/05_demographics.R","grad_counts"
"D:/Users/martensn/BRAIN_DRAIN/Code/new/05_demographics.R","grad_counts_long"
"D:/Users/martensn/BRAIN_DRAIN/Code/new/05_demographics.R","regions"
"D:/Users/martensn/BRAIN_DRAIN/Code/new/05_demographics.R","regions_long"
"D:/Users/martensn/BRAIN_DRAIN/Code/new/05_demographics.R","divisions_long"
"D:/Users/martensn/BRAIN_DRAIN/Code/new/05_demographics.R","sumstat"
"D:/Users/martensn/BRAIN_DRAIN/Code/new/06_census.R","directory"
"D:/Users/martensn/BRAIN_DRAIN/Code/new/06_census.R","data_dir"
"D:/Users/martensn/BRAIN_DRAIN/Code/new/06_census.R","raw_deg_award_1"
"D:/Users/martensn/BRAIN_DRAIN/Code/new/06_census.R","raw_deg_award_2"
"D:/Users/martensn/BRAIN_DRAIN/Code/new/06_census.R","raw_deg_award"
"D:/Users/martensn/BRAIN_DRAIN/Code/new/06_census.R","res"
"D:/Users/martensn/BRAIN_DRAIN/Code/new/06_census.R","col_grad_micro"
"D:/Users/martensn/BRAIN_DRAIN/Code/new/06_census.R","col_grad_filt"
"D:/Users/martensn/BRAIN_DRAIN/Code/new/06_census.R","retired"
"D:/Users/martensn/BRAIN_DRAIN/Code/new/06_census.R","lf"
"D:/Users/martensn/BRAIN_DRAIN/Code/new/06_census.R","da"
"D:/Users/martensn/BRAIN_DRAIN/Code/new/06_census.R","orig"
"D:/Users/martensn/BRAIN_DRAIN/Code/new/06_census.R","orig_col"
"D:/Users/martensn/BRAIN_DRAIN/Code/new/06_census.R","cgp"
"D:/Users/martensn/BRAIN_DRAIN/Code/new/06_census.R","deg_award_2000"
"D:/Users/martensn/BRAIN_DRAIN/Code/new/06_census.R","deg_award_2010"
"D:/Users/martensn/BRAIN_DRAIN/Code/new/06_census.R","deg_award_2020"
"D:/Users/martensn/BRAIN_DRAIN/Code/new/06_census.R","origin"
"D:/Users/martensn/BRAIN_DRAIN/Code/new/06_census.R","grad_rates_100"
"D:/Users/martensn/BRAIN_DRAIN/Code/new/06_census.R","grad_rates_cohort"
"D:/Users/martensn/BRAIN_DRAIN/Code/new/06_census.R","denominators"
"D:/Users/martensn/BRAIN_DRAIN/Code/new/06_census.R","cohort_enrollments"
"D:/Users/martensn/BRAIN_DRAIN/Code/new/06_census.R","cohort_non_completes"
"D:/Users/martensn/BRAIN_DRAIN/Code/new/06_census.R","unified_cohort"
