"file","variable"
"D:/Users/martensn/BRAIN_DRAIN/Code/00_crosswalks.Rmd","%in%"
"D:/Users/martensn/BRAIN_DRAIN/Code/00_crosswalks.Rmd","CBSA Code"
"D:/Users/martensn/BRAIN_DRAIN/Code/00_crosswalks.Rmd","CBSA Title"
"D:/Users/martensn/BRAIN_DRAIN/Code/00_crosswalks.Rmd","cbsa_city"
"D:/Users/martensn/BRAIN_DRAIN/Code/00_crosswalks.Rmd","cbsa_name"
"D:/Users/martensn/BRAIN_DRAIN/Code/00_crosswalks.Rmd","cbsa_state"
"D:/Users/martensn/BRAIN_DRAIN/Code/00_crosswalks.Rmd","cbsa_state_n"
"D:/Users/martensn/BRAIN_DRAIN/Code/00_crosswalks.Rmd","clean_name1"
"D:/Users/martensn/BRAIN_DRAIN/Code/00_crosswalks.Rmd","clean_name2"
"D:/Users/martensn/BRAIN_DRAIN/Code/00_crosswalks.Rmd","county_code"
"D:/Users/martensn/BRAIN_DRAIN/Code/00_crosswalks.Rmd","county_name"
"D:/Users/martensn/BRAIN_DRAIN/Code/00_crosswalks.Rmd","FIPS County Code"
"D:/Users/martensn/BRAIN_DRAIN/Code/00_crosswalks.Rmd","FIPS State Code"
"D:/Users/martensn/BRAIN_DRAIN/Code/00_crosswalks.Rmd","full_name"
"D:/Users/martensn/BRAIN_DRAIN/Code/00_crosswalks.Rmd","GeoFIPS"
"D:/Users/martensn/BRAIN_DRAIN/Code/00_crosswalks.Rmd","IPEDSInstnm"
"D:/Users/martensn/BRAIN_DRAIN/Code/00_crosswalks.Rmd","IPEDSMatch"
"D:/Users/martensn/BRAIN_DRAIN/Code/00_crosswalks.Rmd","noncbsa_code"
"D:/Users/martensn/BRAIN_DRAIN/Code/00_crosswalks.Rmd","opeid"
"D:/Users/martensn/BRAIN_DRAIN/Code/00_crosswalks.Rmd","OPEID"
"D:/Users/martensn/BRAIN_DRAIN/Code/00_crosswalks.Rmd","PEPSSchname"
"D:/Users/martensn/BRAIN_DRAIN/Code/00_crosswalks.Rmd","state_abbr"
"D:/Users/martensn/BRAIN_DRAIN/Code/00_crosswalks.Rmd","state_code"
"D:/Users/martensn/BRAIN_DRAIN/Code/00_crosswalks.Rmd","state_name"
"D:/Users/martensn/BRAIN_DRAIN/Code/00_crosswalks.Rmd","super_opeid"
"D:/Users/martensn/BRAIN_DRAIN/Code/00_crosswalks.Rmd","system_name"
"D:/Users/martensn/BRAIN_DRAIN/Code/00_crosswalks.Rmd","unitid"
"D:/Users/martensn/BRAIN_DRAIN/Code/01_shocks.Rmd","..shift_cols"
"D:/Users/martensn/BRAIN_DRAIN/Code/01_shocks.Rmd",".SD"
"D:/Users/martensn/BRAIN_DRAIN/Code/01_shocks.Rmd","cbp_cbsa_actual"
"D:/Users/martensn/BRAIN_DRAIN/Code/01_shocks.Rmd","cbp_cbsa_proj"
"D:/Users/martensn/BRAIN_DRAIN/Code/01_shocks.Rmd","cbsa_actual"
"D:/Users/martensn/BRAIN_DRAIN/Code/01_shocks.Rmd","cbsa_code"
"D:/Users/martensn/BRAIN_DRAIN/Code/01_shocks.Rmd","cbsa_growth"
"D:/Users/martensn/BRAIN_DRAIN/Code/01_shocks.Rmd","cbsa_proj"
"D:/Users/martensn/BRAIN_DRAIN/Code/01_shocks.Rmd","cbsa_proj_change"
"D:/Users/martensn/BRAIN_DRAIN/Code/01_shocks.Rmd","cbsa_total"
"D:/Users/martensn/BRAIN_DRAIN/Code/01_shocks.Rmd","chg_loo_total"
"D:/Users/martensn/BRAIN_DRAIN/Code/01_shocks.Rmd","emp"
"D:/Users/martensn/BRAIN_DRAIN/Code/01_shocks.Rmd","fips_county"
"D:/Users/martensn/BRAIN_DRAIN/Code/01_shocks.Rmd","fipscty"
"D:/Users/martensn/BRAIN_DRAIN/Code/01_shocks.Rmd","fipstate"
"D:/Users/martensn/BRAIN_DRAIN/Code/01_shocks.Rmd","growth_avg_1"
"D:/Users/martensn/BRAIN_DRAIN/Code/01_shocks.Rmd","growth_avg_3"
"D:/Users/martensn/BRAIN_DRAIN/Code/01_shocks.Rmd","growth_avg_5"
"D:/Users/martensn/BRAIN_DRAIN/Code/01_shocks.Rmd","growth_avg_7"
"D:/Users/martensn/BRAIN_DRAIN/Code/01_shocks.Rmd","loo_total"
"D:/Users/martensn/BRAIN_DRAIN/Code/01_shocks.Rmd","nafill"
"D:/Users/martensn/BRAIN_DRAIN/Code/01_shocks.Rmd","naics"
"D:/Users/martensn/BRAIN_DRAIN/Code/01_shocks.Rmd","naics3"
"D:/Users/martensn/BRAIN_DRAIN/Code/01_shocks.Rmd","nat_total"
"D:/Users/martensn/BRAIN_DRAIN/Code/01_shocks.Rmd","paste0"
"D:/Users/martensn/BRAIN_DRAIN/Code/01_shocks.Rmd","ptile_growth_avg_1"
"D:/Users/martensn/BRAIN_DRAIN/Code/01_shocks.Rmd","ptile_growth_avg_3"
"D:/Users/martensn/BRAIN_DRAIN/Code/01_shocks.Rmd","ptile_growth_avg_5"
"D:/Users/martensn/BRAIN_DRAIN/Code/01_shocks.Rmd","ptile_growth_avg_7"
"D:/Users/martensn/BRAIN_DRAIN/Code/01_shocks.Rmd","ptile_shock_avg_1"
"D:/Users/martensn/BRAIN_DRAIN/Code/01_shocks.Rmd","ptile_shock_avg_3"
"D:/Users/martensn/BRAIN_DRAIN/Code/01_shocks.Rmd","ptile_shock_avg_5"
"D:/Users/martensn/BRAIN_DRAIN/Code/01_shocks.Rmd","ptile_shock_avg_7"
"D:/Users/martensn/BRAIN_DRAIN/Code/01_shocks.Rmd","shift"
"D:/Users/martensn/BRAIN_DRAIN/Code/01_shocks.Rmd","shock_avg_1"
"D:/Users/martensn/BRAIN_DRAIN/Code/01_shocks.Rmd","shock_avg_3"
"D:/Users/martensn/BRAIN_DRAIN/Code/01_shocks.Rmd","shock_avg_5"
"D:/Users/martensn/BRAIN_DRAIN/Code/01_shocks.Rmd","shock_avg_7"
"D:/Users/martensn/BRAIN_DRAIN/Code/01_shocks.Rmd","shr"
"D:/Users/martensn/BRAIN_DRAIN/Code/01_shocks.Rmd","ss_component"
"D:/Users/martensn/BRAIN_DRAIN/Code/01_shocks.Rmd","unified_cbsa"
"D:/Users/martensn/BRAIN_DRAIN/Code/01_shocks.Rmd","year"
"D:/Users/martensn/BRAIN_DRAIN/Code/02_col_chars.Rmd",".N"
"D:/Users/martensn/BRAIN_DRAIN/Code/02_col_chars.Rmd","acceptance_rate"
"D:/Users/martensn/BRAIN_DRAIN/Code/02_col_chars.Rmd","as.numeric"
"D:/Users/martensn/BRAIN_DRAIN/Code/02_col_chars.Rmd","avg_acceptance"
"D:/Users/martensn/BRAIN_DRAIN/Code/02_col_chars.Rmd","awards"
"D:/Users/martensn/BRAIN_DRAIN/Code/02_col_chars.Rmd","category"
"D:/Users/martensn/BRAIN_DRAIN/Code/02_col_chars.Rmd","cipcode"
"D:/Users/martensn/BRAIN_DRAIN/Code/02_col_chars.Rmd","cohort_rev"
"D:/Users/martensn/BRAIN_DRAIN/Code/02_col_chars.Rmd","col_unitid"
"D:/Users/martensn/BRAIN_DRAIN/Code/02_col_chars.Rmd","completers_200pct"
"D:/Users/martensn/BRAIN_DRAIN/Code/02_col_chars.Rmd","completion_rate_100pct"
"D:/Users/martensn/BRAIN_DRAIN/Code/02_col_chars.Rmd","completion_rate_150pct"
"D:/Users/martensn/BRAIN_DRAIN/Code/02_col_chars.Rmd","completion_rate_200pct"
"D:/Users/martensn/BRAIN_DRAIN/Code/02_col_chars.Rmd","count"
"D:/Users/martensn/BRAIN_DRAIN/Code/02_col_chars.Rmd","county_fips"
"D:/Users/martensn/BRAIN_DRAIN/Code/02_col_chars.Rmd","deflator"
"D:/Users/martensn/BRAIN_DRAIN/Code/02_col_chars.Rmd","field"
"D:/Users/martensn/BRAIN_DRAIN/Code/02_col_chars.Rmd","fips"
"D:/Users/martensn/BRAIN_DRAIN/Code/02_col_chars.Rmd","GeoFIPS"
"D:/Users/martensn/BRAIN_DRAIN/Code/02_col_chars.Rmd","inst_category"
"D:/Users/martensn/BRAIN_DRAIN/Code/02_col_chars.Rmd","inst_control"
"D:/Users/martensn/BRAIN_DRAIN/Code/02_col_chars.Rmd","inst_group"
"D:/Users/martensn/BRAIN_DRAIN/Code/02_col_chars.Rmd","inst_name"
"D:/Users/martensn/BRAIN_DRAIN/Code/02_col_chars.Rmd","institution_crosswalk"
"D:/Users/martensn/BRAIN_DRAIN/Code/02_col_chars.Rmd","institution_level"
"D:/Users/martensn/BRAIN_DRAIN/Code/02_col_chars.Rmd","k_q1"
"D:/Users/martensn/BRAIN_DRAIN/Code/02_col_chars.Rmd","k_q2"
"D:/Users/martensn/BRAIN_DRAIN/Code/02_col_chars.Rmd","k_q3"
"D:/Users/martensn/BRAIN_DRAIN/Code/02_col_chars.Rmd","k_q4"
"D:/Users/martensn/BRAIN_DRAIN/Code/02_col_chars.Rmd","k_top1pc"
"D:/Users/martensn/BRAIN_DRAIN/Code/02_col_chars.Rmd","land_grant"
"D:/Users/martensn/BRAIN_DRAIN/Code/02_col_chars.Rmd","microdata"
"D:/Users/martensn/BRAIN_DRAIN/Code/02_col_chars.Rmd","mobility_n"
"D:/Users/martensn/BRAIN_DRAIN/Code/02_col_chars.Rmd","mr_kq5_pq1"
"D:/Users/martensn/BRAIN_DRAIN/Code/02_col_chars.Rmd","non_completers"
"D:/Users/martensn/BRAIN_DRAIN/Code/02_col_chars.Rmd","Not_Recruited"
"D:/Users/martensn/BRAIN_DRAIN/Code/02_col_chars.Rmd","Not_Retained"
"D:/Users/martensn/BRAIN_DRAIN/Code/02_col_chars.Rmd","number_applied"
"D:/Users/martensn/BRAIN_DRAIN/Code/02_col_chars.Rmd","number_enrolled_total"
"D:/Users/martensn/BRAIN_DRAIN/Code/02_col_chars.Rmd","par_q1"
"D:/Users/martensn/BRAIN_DRAIN/Code/02_col_chars.Rmd","par_q2"
"D:/Users/martensn/BRAIN_DRAIN/Code/02_col_chars.Rmd","par_q3"
"D:/Users/martensn/BRAIN_DRAIN/Code/02_col_chars.Rmd","par_q4"
"D:/Users/martensn/BRAIN_DRAIN/Code/02_col_chars.Rmd","par_top1pc"
"D:/Users/martensn/BRAIN_DRAIN/Code/02_col_chars.Rmd","periodName"
"D:/Users/martensn/BRAIN_DRAIN/Code/02_col_chars.Rmd","recruited"
"D:/Users/martensn/BRAIN_DRAIN/Code/02_col_chars.Rmd","Recruited"
"D:/Users/martensn/BRAIN_DRAIN/Code/02_col_chars.Rmd","Retained"
"D:/Users/martensn/BRAIN_DRAIN/Code/02_col_chars.Rmd","rev_appropriations_state"
"D:/Users/martensn/BRAIN_DRAIN/Code/02_col_chars.Rmd","rev_total_current"
"D:/Users/martensn/BRAIN_DRAIN/Code/02_col_chars.Rmd","rev_tuition_fees"
"D:/Users/martensn/BRAIN_DRAIN/Code/02_col_chars.Rmd","rev_tuition_fees_net"
"D:/Users/martensn/BRAIN_DRAIN/Code/02_col_chars.Rmd","state.abb"
"D:/Users/martensn/BRAIN_DRAIN/Code/02_col_chars.Rmd","state.region"
"D:/Users/martensn/BRAIN_DRAIN/Code/02_col_chars.Rmd","state_approp_shr"
"D:/Users/martensn/BRAIN_DRAIN/Code/02_col_chars.Rmd","state_of_residence"
"D:/Users/martensn/BRAIN_DRAIN/Code/02_col_chars.Rmd","still_enrolled_200pct"
"D:/Users/martensn/BRAIN_DRAIN/Code/02_col_chars.Rmd","sum"
"D:/Users/martensn/BRAIN_DRAIN/Code/02_col_chars.Rmd","super_opeid"
"D:/Users/martensn/BRAIN_DRAIN/Code/02_col_chars.Rmd","total"
"D:/Users/martensn/BRAIN_DRAIN/Code/02_col_chars.Rmd","total_deg_awarded"
"D:/Users/martensn/BRAIN_DRAIN/Code/02_col_chars.Rmd","total_deg_awarded_opeid"
"D:/Users/martensn/BRAIN_DRAIN/Code/02_col_chars.Rmd","tuition_shr"
"D:/Users/martensn/BRAIN_DRAIN/Code/02_col_chars.Rmd","unified_cbsa"
"D:/Users/martensn/BRAIN_DRAIN/Code/02_col_chars.Rmd","unitid"
"D:/Users/martensn/BRAIN_DRAIN/Code/02_col_chars.Rmd","unitid_shr"
"D:/Users/martensn/BRAIN_DRAIN/Code/02_col_chars.Rmd","value"
"D:/Users/martensn/BRAIN_DRAIN/Code/02_col_chars.Rmd","year"
"D:/Users/martensn/BRAIN_DRAIN/Code/02_hs_chars.Rmd","%in%"
"D:/Users/martensn/BRAIN_DRAIN/Code/02_hs_chars.Rmd","alt_name"
"D:/Users/martensn/BRAIN_DRAIN/Code/02_hs_chars.Rmd","cbsa_code"
"D:/Users/martensn/BRAIN_DRAIN/Code/02_hs_chars.Rmd","CNTY"
"D:/Users/martensn/BRAIN_DRAIN/Code/02_hs_chars.Rmd","county_full"
"D:/Users/martensn/BRAIN_DRAIN/Code/02_hs_chars.Rmd","full_name"
"D:/Users/martensn/BRAIN_DRAIN/Code/02_hs_chars.Rmd","G12"
"D:/Users/martensn/BRAIN_DRAIN/Code/02_hs_chars.Rmd","GeoFIPS"
"D:/Users/martensn/BRAIN_DRAIN/Code/02_hs_chars.Rmd","LAT"
"D:/Users/martensn/BRAIN_DRAIN/Code/02_hs_chars.Rmd","LATCOD"
"D:/Users/martensn/BRAIN_DRAIN/Code/02_hs_chars.Rmd","LCITY"
"D:/Users/martensn/BRAIN_DRAIN/Code/02_hs_chars.Rmd","LON"
"D:/Users/martensn/BRAIN_DRAIN/Code/02_hs_chars.Rmd","LONCOD"
"D:/Users/martensn/BRAIN_DRAIN/Code/02_hs_chars.Rmd","LSTATE"
"D:/Users/martensn/BRAIN_DRAIN/Code/02_hs_chars.Rmd","LSTREET1"
"D:/Users/martensn/BRAIN_DRAIN/Code/02_hs_chars.Rmd","LSTREET2"
"D:/Users/martensn/BRAIN_DRAIN/Code/02_hs_chars.Rmd","LZIP"
"D:/Users/martensn/BRAIN_DRAIN/Code/02_hs_chars.Rmd","NAME"
"D:/Users/martensn/BRAIN_DRAIN/Code/02_hs_chars.Rmd","NCESSCH"
"D:/Users/martensn/BRAIN_DRAIN/Code/02_hs_chars.Rmd","NMCNTY"
"D:/Users/martensn/BRAIN_DRAIN/Code/02_hs_chars.Rmd","PPIN"
"D:/Users/martensn/BRAIN_DRAIN/Code/02_hs_chars.Rmd","SCH_NAME"
"D:/Users/martensn/BRAIN_DRAIN/Code/02_hs_chars.Rmd","STATE"
"D:/Users/martensn/BRAIN_DRAIN/Code/02_hs_chars.Rmd","STFIP"
"D:/Users/martensn/BRAIN_DRAIN/Code/02_hs_chars.Rmd","STREET"
"D:/Users/martensn/BRAIN_DRAIN/Code/02_hs_chars.Rmd","stripped_name1"
"D:/Users/martensn/BRAIN_DRAIN/Code/02_hs_chars.Rmd","unified_cbsa"
"D:/Users/martensn/BRAIN_DRAIN/Code/02_hs_chars.Rmd","ZIP"
"D:/Users/martensn/BRAIN_DRAIN/Code/03_dedup_col.R","col_p1"
"D:/Users/martensn/BRAIN_DRAIN/Code/03_dedup_col.R","col_p2"
"D:/Users/martensn/BRAIN_DRAIN/Code/03_dedup_col.R","col_p3"
"D:/Users/martensn/BRAIN_DRAIN/Code/03_dedup_col.R","col_p4"
"D:/Users/martensn/BRAIN_DRAIN/Code/03_dedup_col.R","data_dir"
"D:/Users/martensn/BRAIN_DRAIN/Code/03_dedup_col.R","N"
"D:/Users/martensn/BRAIN_DRAIN/Code/03_dedup_col.R","opeid"
"D:/Users/martensn/BRAIN_DRAIN/Code/03_dedup_col.R","rsid"
"D:/Users/martensn/BRAIN_DRAIN/Code/03_dedup_col.R","system_indicator"
"D:/Users/martensn/BRAIN_DRAIN/Code/03_dedup_col.R","unitid"
"D:/Users/martensn/BRAIN_DRAIN/Code/03_dedup_col.R","university_name"
"D:/Users/martensn/BRAIN_DRAIN/Code/03_li_ed.Rmd","%in%"
"D:/Users/martensn/BRAIN_DRAIN/Code/03_li_ed.Rmd",".N"
"D:/Users/martensn/BRAIN_DRAIN/Code/03_li_ed.Rmd","all_hs"
"D:/Users/martensn/BRAIN_DRAIN/Code/03_li_ed.Rmd","alt_name"
"D:/Users/martensn/BRAIN_DRAIN/Code/03_li_ed.Rmd","clean_name"
"D:/Users/martensn/BRAIN_DRAIN/Code/03_li_ed.Rmd","count"
"D:/Users/martensn/BRAIN_DRAIN/Code/03_li_ed.Rmd","degree"
"D:/Users/martensn/BRAIN_DRAIN/Code/03_li_ed.Rmd","N"
"D:/Users/martensn/BRAIN_DRAIN/Code/03_li_ed.Rmd","name_crosswalk_1"
"D:/Users/martensn/BRAIN_DRAIN/Code/03_li_ed.Rmd","name_crosswalk_2"
"D:/Users/martensn/BRAIN_DRAIN/Code/03_li_ed.Rmd","name_crosswalk_3"
"D:/Users/martensn/BRAIN_DRAIN/Code/03_li_ed.Rmd","opeid"
"D:/Users/martensn/BRAIN_DRAIN/Code/03_li_ed.Rmd","stripped_name1"
"D:/Users/martensn/BRAIN_DRAIN/Code/03_li_ed.Rmd","stripped_name2"
"D:/Users/martensn/BRAIN_DRAIN/Code/03_li_ed.Rmd","superope_ope_crosswalk"
"D:/Users/martensn/BRAIN_DRAIN/Code/03_li_ed.Rmd","unitid"
"D:/Users/martensn/BRAIN_DRAIN/Code/03_li_ed.Rmd","university_country"
"D:/Users/martensn/BRAIN_DRAIN/Code/03_li_ed.Rmd","university_name"
"D:/Users/martensn/BRAIN_DRAIN/Code/03_li_ed.Rmd","user_id"
"D:/Users/martensn/BRAIN_DRAIN/Code/03_li_ed.Rmd","world_rank"
"D:/Users/martensn/BRAIN_DRAIN/Code/04_li_ed_pos.Rmd","..cols"
"D:/Users/martensn/BRAIN_DRAIN/Code/04_li_ed_pos.Rmd",".I"
"D:/Users/martensn/BRAIN_DRAIN/Code/04_li_ed_pos.Rmd",".N"
"D:/Users/martensn/BRAIN_DRAIN/Code/04_li_ed_pos.Rmd",".SD"
"D:/Users/martensn/BRAIN_DRAIN/Code/04_li_ed_pos.Rmd","all_col_unrated"
"D:/Users/martensn/BRAIN_DRAIN/Code/04_li_ed_pos.Rmd","barrons"
"D:/Users/martensn/BRAIN_DRAIN/Code/04_li_ed_pos.Rmd","barrons_chetty"
"D:/Users/martensn/BRAIN_DRAIN/Code/04_li_ed_pos.Rmd","big_chungus"
"D:/Users/martensn/BRAIN_DRAIN/Code/04_li_ed_pos.Rmd","birth"
"D:/Users/martensn/BRAIN_DRAIN/Code/04_li_ed_pos.Rmd","birth1"
"D:/Users/martensn/BRAIN_DRAIN/Code/04_li_ed_pos.Rmd","birth2"
"D:/Users/martensn/BRAIN_DRAIN/Code/04_li_ed_pos.Rmd","birth3"
"D:/Users/martensn/BRAIN_DRAIN/Code/04_li_ed_pos.Rmd","birth4"
"D:/Users/martensn/BRAIN_DRAIN/Code/04_li_ed_pos.Rmd","both"
"D:/Users/martensn/BRAIN_DRAIN/Code/04_li_ed_pos.Rmd","cbsa_code"
"D:/Users/martensn/BRAIN_DRAIN/Code/04_li_ed_pos.Rmd","cbsa_code_name"
"D:/Users/martensn/BRAIN_DRAIN/Code/04_li_ed_pos.Rmd","cbsa_fips"
"D:/Users/martensn/BRAIN_DRAIN/Code/04_li_ed_pos.Rmd","cbsa_li_crosswalk"
"D:/Users/martensn/BRAIN_DRAIN/Code/04_li_ed_pos.Rmd","cbsa_na"
"D:/Users/martensn/BRAIN_DRAIN/Code/04_li_ed_pos.Rmd","chetty"
"D:/Users/martensn/BRAIN_DRAIN/Code/04_li_ed_pos.Rmd","chetty_raw"
"D:/Users/martensn/BRAIN_DRAIN/Code/04_li_ed_pos.Rmd","col_end"
"D:/Users/martensn/BRAIN_DRAIN/Code/04_li_ed_pos.Rmd","col_length"
"D:/Users/martensn/BRAIN_DRAIN/Code/04_li_ed_pos.Rmd","col_major"
"D:/Users/martensn/BRAIN_DRAIN/Code/04_li_ed_pos.Rmd","col_match"
"D:/Users/martensn/BRAIN_DRAIN/Code/04_li_ed_pos.Rmd","col_name"
"D:/Users/martensn/BRAIN_DRAIN/Code/04_li_ed_pos.Rmd","col_opeid"
"D:/Users/martensn/BRAIN_DRAIN/Code/04_li_ed_pos.Rmd","col_start"
"D:/Users/martensn/BRAIN_DRAIN/Code/04_li_ed_pos.Rmd","col_super_opeid"
"D:/Users/martensn/BRAIN_DRAIN/Code/04_li_ed_pos.Rmd","col_unitid"
"D:/Users/martensn/BRAIN_DRAIN/Code/04_li_ed_pos.Rmd","col_users"
"D:/Users/martensn/BRAIN_DRAIN/Code/04_li_ed_pos.Rmd","completed_neither"
"D:/Users/martensn/BRAIN_DRAIN/Code/04_li_ed_pos.Rmd","country"
"D:/Users/martensn/BRAIN_DRAIN/Code/04_li_ed_pos.Rmd","distance_metres"
"D:/Users/martensn/BRAIN_DRAIN/Code/04_li_ed_pos.Rmd","duplicated_hs"
"D:/Users/martensn/BRAIN_DRAIN/Code/04_li_ed_pos.Rmd","ed_li"
"D:/Users/martensn/BRAIN_DRAIN/Code/04_li_ed_pos.Rmd","ed_li_sample"
"D:/Users/martensn/BRAIN_DRAIN/Code/04_li_ed_pos.Rmd","enddate"
"D:/Users/martensn/BRAIN_DRAIN/Code/04_li_ed_pos.Rmd","frequent_names"
"D:/Users/martensn/BRAIN_DRAIN/Code/04_li_ed_pos.Rmd","GeoFIPS"
"D:/Users/martensn/BRAIN_DRAIN/Code/04_li_ed_pos.Rmd","hs_clean_name"
"D:/Users/martensn/BRAIN_DRAIN/Code/04_li_ed_pos.Rmd","hs_end"
"D:/Users/martensn/BRAIN_DRAIN/Code/04_li_ed_pos.Rmd","hs_match"
"D:/Users/martensn/BRAIN_DRAIN/Code/04_li_ed_pos.Rmd","hs_name"
"D:/Users/martensn/BRAIN_DRAIN/Code/04_li_ed_pos.Rmd","hs_start"
"D:/Users/martensn/BRAIN_DRAIN/Code/04_li_ed_pos.Rmd","hs_state"
"D:/Users/martensn/BRAIN_DRAIN/Code/04_li_ed_pos.Rmd","hs_stripped_name2"
"D:/Users/martensn/BRAIN_DRAIN/Code/04_li_ed_pos.Rmd","hs_unitid"
"D:/Users/martensn/BRAIN_DRAIN/Code/04_li_ed_pos.Rmd","hs_users"
"D:/Users/martensn/BRAIN_DRAIN/Code/04_li_ed_pos.Rmd","lat"
"D:/Users/martensn/BRAIN_DRAIN/Code/04_li_ed_pos.Rmd","LAT"
"D:/Users/martensn/BRAIN_DRAIN/Code/04_li_ed_pos.Rmd","lat_start"
"D:/Users/martensn/BRAIN_DRAIN/Code/04_li_ed_pos.Rmd","li_alt_name"
"D:/Users/martensn/BRAIN_DRAIN/Code/04_li_ed_pos.Rmd","lng"
"D:/Users/martensn/BRAIN_DRAIN/Code/04_li_ed_pos.Rmd","lng_start"
"D:/Users/martensn/BRAIN_DRAIN/Code/04_li_ed_pos.Rmd","LON"
"D:/Users/martensn/BRAIN_DRAIN/Code/04_li_ed_pos.Rmd","n"
"D:/Users/martensn/BRAIN_DRAIN/Code/04_li_ed_pos.Rmd","name_counts"
"D:/Users/martensn/BRAIN_DRAIN/Code/04_li_ed_pos.Rmd","nces_alt_name"
"D:/Users/martensn/BRAIN_DRAIN/Code/04_li_ed_pos.Rmd","not_hs"
"D:/Users/martensn/BRAIN_DRAIN/Code/04_li_ed_pos.Rmd","onet_code"
"D:/Users/martensn/BRAIN_DRAIN/Code/04_li_ed_pos.Rmd","onet_title"
"D:/Users/martensn/BRAIN_DRAIN/Code/04_li_ed_pos.Rmd","postsec"
"D:/Users/martensn/BRAIN_DRAIN/Code/04_li_ed_pos.Rmd","private"
"D:/Users/martensn/BRAIN_DRAIN/Code/04_li_ed_pos.Rmd","private_hs"
"D:/Users/martensn/BRAIN_DRAIN/Code/04_li_ed_pos.Rmd","public"
"D:/Users/martensn/BRAIN_DRAIN/Code/04_li_ed_pos.Rmd","public_hs"
"D:/Users/martensn/BRAIN_DRAIN/Code/04_li_ed_pos.Rmd","raw_county"
"D:/Users/martensn/BRAIN_DRAIN/Code/04_li_ed_pos.Rmd","shr_li"
"D:/Users/martensn/BRAIN_DRAIN/Code/04_li_ed_pos.Rmd","socp"
"D:/Users/martensn/BRAIN_DRAIN/Code/04_li_ed_pos.Rmd","startdate"
"D:/Users/martensn/BRAIN_DRAIN/Code/04_li_ed_pos.Rmd","STATE"
"D:/Users/martensn/BRAIN_DRAIN/Code/04_li_ed_pos.Rmd","state_abbr"
"D:/Users/martensn/BRAIN_DRAIN/Code/04_li_ed_pos.Rmd","still_hs"
"D:/Users/martensn/BRAIN_DRAIN/Code/04_li_ed_pos.Rmd","stripped_name2"
"D:/Users/martensn/BRAIN_DRAIN/Code/04_li_ed_pos.Rmd","tiered_barrons"
"D:/Users/martensn/BRAIN_DRAIN/Code/04_li_ed_pos.Rmd","tiered_chetty"
"D:/Users/martensn/BRAIN_DRAIN/Code/04_li_ed_pos.Rmd","unified_cbsa_name"
"D:/Users/martensn/BRAIN_DRAIN/Code/04_li_ed_pos.Rmd","unitid"
"D:/Users/martensn/BRAIN_DRAIN/Code/04_li_ed_pos.Rmd","university_name"
"D:/Users/martensn/BRAIN_DRAIN/Code/04_li_ed_pos.Rmd","unoriginal_hs"
"D:/Users/martensn/BRAIN_DRAIN/Code/04_li_ed_pos.Rmd","user_id"
"D:/Users/martensn/BRAIN_DRAIN/Code/04_li_ed_pos.Rmd","weird"
"D:/Users/martensn/BRAIN_DRAIN/Code/04_li_ed_pos.Rmd","work_start"
"D:/Users/martensn/BRAIN_DRAIN/Code/04_li_ed_pos.Rmd","yrs_graduated"
"D:/Users/martensn/BRAIN_DRAIN/Code/04_li_ed_pos.Rmd","zip"
"D:/Users/martensn/BRAIN_DRAIN/Code/04_li_ed_pos.Rmd","ZIP"
"D:/Users/martensn/BRAIN_DRAIN/Code/04_li_ed_pos.Rmd","zipcode"
"D:/Users/martensn/BRAIN_DRAIN/Code/05_merge.Rmd","!="
"D:/Users/martensn/BRAIN_DRAIN/Code/05_merge.Rmd","...2"
"D:/Users/martensn/BRAIN_DRAIN/Code/05_merge.Rmd","...3"
"D:/Users/martensn/BRAIN_DRAIN/Code/05_merge.Rmd","...4"
"D:/Users/martensn/BRAIN_DRAIN/Code/05_merge.Rmd","...7"
"D:/Users/martensn/BRAIN_DRAIN/Code/05_merge.Rmd","...8"
"D:/Users/martensn/BRAIN_DRAIN/Code/05_merge.Rmd","...9"
"D:/Users/martensn/BRAIN_DRAIN/Code/05_merge.Rmd",".N"
"D:/Users/martensn/BRAIN_DRAIN/Code/05_merge.Rmd",".SD"
"D:/Users/martensn/BRAIN_DRAIN/Code/05_merge.Rmd","|"
"D:/Users/martensn/BRAIN_DRAIN/Code/05_merge.Rmd","=="
"D:/Users/martensn/BRAIN_DRAIN/Code/05_merge.Rmd","all_hs"
"D:/Users/martensn/BRAIN_DRAIN/Code/05_merge.Rmd","birth"
"D:/Users/martensn/BRAIN_DRAIN/Code/05_merge.Rmd","cbind"
"D:/Users/martensn/BRAIN_DRAIN/Code/05_merge.Rmd","cbsa_actual"
"D:/Users/martensn/BRAIN_DRAIN/Code/05_merge.Rmd","cbsa_code"
"D:/Users/martensn/BRAIN_DRAIN/Code/05_merge.Rmd","cbsa_mode"
"D:/Users/martensn/BRAIN_DRAIN/Code/05_merge.Rmd","cbsa_proj"
"D:/Users/martensn/BRAIN_DRAIN/Code/05_merge.Rmd","cbsa_proj_change"
"D:/Users/martensn/BRAIN_DRAIN/Code/05_merge.Rmd","cbsa_shock_ptile"
"D:/Users/martensn/BRAIN_DRAIN/Code/05_merge.Rmd","col_cbsa_code"
"D:/Users/martensn/BRAIN_DRAIN/Code/05_merge.Rmd","col_end"
"D:/Users/martensn/BRAIN_DRAIN/Code/05_merge.Rmd","col_grad"
"D:/Users/martensn/BRAIN_DRAIN/Code/05_merge.Rmd","col_state"
"D:/Users/martensn/BRAIN_DRAIN/Code/05_merge.Rmd","col_unitid"
"D:/Users/martensn/BRAIN_DRAIN/Code/05_merge.Rmd","col_zip"
"D:/Users/martensn/BRAIN_DRAIN/Code/05_merge.Rmd","completed"
"D:/Users/martensn/BRAIN_DRAIN/Code/05_merge.Rmd","count"
"D:/Users/martensn/BRAIN_DRAIN/Code/05_merge.Rmd","county_fips"
"D:/Users/martensn/BRAIN_DRAIN/Code/05_merge.Rmd","cum_workers"
"D:/Users/martensn/BRAIN_DRAIN/Code/05_merge.Rmd","dist"
"D:/Users/martensn/BRAIN_DRAIN/Code/05_merge.Rmd","distance_metres"
"D:/Users/martensn/BRAIN_DRAIN/Code/05_merge.Rmd","distance_mi"
"D:/Users/martensn/BRAIN_DRAIN/Code/05_merge.Rmd","emp_2023"
"D:/Users/martensn/BRAIN_DRAIN/Code/05_merge.Rmd","ever_leave_cbsa_col"
"D:/Users/martensn/BRAIN_DRAIN/Code/05_merge.Rmd","ever_leave_cbsa_hs"
"D:/Users/martensn/BRAIN_DRAIN/Code/05_merge.Rmd","ever_leave_state_col"
"D:/Users/martensn/BRAIN_DRAIN/Code/05_merge.Rmd","ever_leave_state_hs"
"D:/Users/martensn/BRAIN_DRAIN/Code/05_merge.Rmd","get"
"D:/Users/martensn/BRAIN_DRAIN/Code/05_merge.Rmd","group"
"D:/Users/martensn/BRAIN_DRAIN/Code/05_merge.Rmd","growth_avg_1"
"D:/Users/martensn/BRAIN_DRAIN/Code/05_merge.Rmd","growth_avg_3"
"D:/Users/martensn/BRAIN_DRAIN/Code/05_merge.Rmd","growth_avg_5"
"D:/Users/martensn/BRAIN_DRAIN/Code/05_merge.Rmd","growth_avg_7"
"D:/Users/martensn/BRAIN_DRAIN/Code/05_merge.Rmd","hs_cbsa"
"D:/Users/martensn/BRAIN_DRAIN/Code/05_merge.Rmd","hs_state"
"D:/Users/martensn/BRAIN_DRAIN/Code/05_merge.Rmd","hs_unitid"
"D:/Users/martensn/BRAIN_DRAIN/Code/05_merge.Rmd","last_3"
"D:/Users/martensn/BRAIN_DRAIN/Code/05_merge.Rmd","lat"
"D:/Users/martensn/BRAIN_DRAIN/Code/05_merge.Rmd","lat_end"
"D:/Users/martensn/BRAIN_DRAIN/Code/05_merge.Rmd","lat_start"
"D:/Users/martensn/BRAIN_DRAIN/Code/05_merge.Rmd","lng"
"D:/Users/martensn/BRAIN_DRAIN/Code/05_merge.Rmd","lng_end"
"D:/Users/martensn/BRAIN_DRAIN/Code/05_merge.Rmd","lng_start"
"D:/Users/martensn/BRAIN_DRAIN/Code/05_merge.Rmd","mid_1"
"D:/Users/martensn/BRAIN_DRAIN/Code/05_merge.Rmd","N"
"D:/Users/martensn/BRAIN_DRAIN/Code/05_merge.Rmd","ONET SOC 2018 Code"
"D:/Users/martensn/BRAIN_DRAIN/Code/05_merge.Rmd","ONET SOC 2018 Title"
"D:/Users/martensn/BRAIN_DRAIN/Code/05_merge.Rmd","OPR Job Rating"
"D:/Users/martensn/BRAIN_DRAIN/Code/05_merge.Rmd","prestige"
"D:/Users/martensn/BRAIN_DRAIN/Code/05_merge.Rmd","prestige_bin"
"D:/Users/martensn/BRAIN_DRAIN/Code/05_merge.Rmd","prestige_imp"
"D:/Users/martensn/BRAIN_DRAIN/Code/05_merge.Rmd","prestige_imp_2"
"D:/Users/martensn/BRAIN_DRAIN/Code/05_merge.Rmd","ptile_growth_avg_1"
"D:/Users/martensn/BRAIN_DRAIN/Code/05_merge.Rmd","ptile_growth_avg_3"
"D:/Users/martensn/BRAIN_DRAIN/Code/05_merge.Rmd","ptile_growth_avg_5"
"D:/Users/martensn/BRAIN_DRAIN/Code/05_merge.Rmd","ptile_growth_avg_7"
"D:/Users/martensn/BRAIN_DRAIN/Code/05_merge.Rmd","ptile_shock_avg_1"
"D:/Users/martensn/BRAIN_DRAIN/Code/05_merge.Rmd","ptile_shock_avg_3"
"D:/Users/martensn/BRAIN_DRAIN/Code/05_merge.Rmd","ptile_shock_avg_5"
"D:/Users/martensn/BRAIN_DRAIN/Code/05_merge.Rmd","ptile_shock_avg_7"
"D:/Users/martensn/BRAIN_DRAIN/Code/05_merge.Rmd","random_value"
"D:/Users/martensn/BRAIN_DRAIN/Code/05_merge.Rmd","same_cbsa_col"
"D:/Users/martensn/BRAIN_DRAIN/Code/05_merge.Rmd","same_cbsa_hs"
"D:/Users/martensn/BRAIN_DRAIN/Code/05_merge.Rmd","same_state_col"
"D:/Users/martensn/BRAIN_DRAIN/Code/05_merge.Rmd","same_state_hs"
"D:/Users/martensn/BRAIN_DRAIN/Code/05_merge.Rmd","shock_avg_1"
"D:/Users/martensn/BRAIN_DRAIN/Code/05_merge.Rmd","shock_avg_3"
"D:/Users/martensn/BRAIN_DRAIN/Code/05_merge.Rmd","shock_avg_5"
"D:/Users/martensn/BRAIN_DRAIN/Code/05_merge.Rmd","shock_avg_7"
"D:/Users/martensn/BRAIN_DRAIN/Code/05_merge.Rmd","shr"
"D:/Users/martensn/BRAIN_DRAIN/Code/05_merge.Rmd","shr_ba"
"D:/Users/martensn/BRAIN_DRAIN/Code/05_merge.Rmd","shr_li"
"D:/Users/martensn/BRAIN_DRAIN/Code/05_merge.Rmd","soc_2"
"D:/Users/martensn/BRAIN_DRAIN/Code/05_merge.Rmd","soc_2_title"
"D:/Users/martensn/BRAIN_DRAIN/Code/05_merge.Rmd","soc_3"
"D:/Users/martensn/BRAIN_DRAIN/Code/05_merge.Rmd","soc_3_title"
"D:/Users/martensn/BRAIN_DRAIN/Code/05_merge.Rmd","soc_code_mode"
"D:/Users/martensn/BRAIN_DRAIN/Code/05_merge.Rmd","soc_title"
"D:/Users/martensn/BRAIN_DRAIN/Code/05_merge.Rmd","socp"
"D:/Users/martensn/BRAIN_DRAIN/Code/05_merge.Rmd","socp_raw"
"D:/Users/martensn/BRAIN_DRAIN/Code/05_merge.Rmd","state_mode"
"D:/Users/martensn/BRAIN_DRAIN/Code/05_merge.Rmd","type"
"D:/Users/martensn/BRAIN_DRAIN/Code/05_merge.Rmd","unified_cbsa"
"D:/Users/martensn/BRAIN_DRAIN/Code/05_merge.Rmd","unitid"
"D:/Users/martensn/BRAIN_DRAIN/Code/05_merge.Rmd","years"
"D:/Users/martensn/BRAIN_DRAIN/Code/05_merge.Rmd","yrs_included"
"D:/Users/martensn/BRAIN_DRAIN/Code/05_merge.Rmd","ZIP"
"D:/Users/martensn/BRAIN_DRAIN/Code/05_merge.Rmd","zipcode"
"D:/Users/martensn/BRAIN_DRAIN/Code/06_finalize_data.Rmd","!="
"D:/Users/martensn/BRAIN_DRAIN/Code/06_finalize_data.Rmd","."
"D:/Users/martensn/BRAIN_DRAIN/Code/06_finalize_data.Rmd","..complete_cols"
"D:/Users/martensn/BRAIN_DRAIN/Code/06_finalize_data.Rmd",".N"
"D:/Users/martensn/BRAIN_DRAIN/Code/06_finalize_data.Rmd",".SD"
"D:/Users/martensn/BRAIN_DRAIN/Code/06_finalize_data.Rmd","|"
"D:/Users/martensn/BRAIN_DRAIN/Code/06_finalize_data.Rmd","=="
"D:/Users/martensn/BRAIN_DRAIN/Code/06_finalize_data.Rmd","avg_acceptance"
"D:/Users/martensn/BRAIN_DRAIN/Code/06_finalize_data.Rmd","birth"
"D:/Users/martensn/BRAIN_DRAIN/Code/06_finalize_data.Rmd","col_cbsa_code"
"D:/Users/martensn/BRAIN_DRAIN/Code/06_finalize_data.Rmd","col_end"
"D:/Users/martensn/BRAIN_DRAIN/Code/06_finalize_data.Rmd","col_end_numeric"
"D:/Users/martensn/BRAIN_DRAIN/Code/06_finalize_data.Rmd","col_major"
"D:/Users/martensn/BRAIN_DRAIN/Code/06_finalize_data.Rmd","col_name"
"D:/Users/martensn/BRAIN_DRAIN/Code/06_finalize_data.Rmd","col_state"
"D:/Users/martensn/BRAIN_DRAIN/Code/06_finalize_data.Rmd","col_unitid"
"D:/Users/martensn/BRAIN_DRAIN/Code/06_finalize_data.Rmd","dist"
"D:/Users/martensn/BRAIN_DRAIN/Code/06_finalize_data.Rmd","ever_leave_cbsa_col"
"D:/Users/martensn/BRAIN_DRAIN/Code/06_finalize_data.Rmd","ever_leave_cbsa_hs_10"
"D:/Users/martensn/BRAIN_DRAIN/Code/06_finalize_data.Rmd","ever_leave_state_hs_10"
"D:/Users/martensn/BRAIN_DRAIN/Code/06_finalize_data.Rmd","hs_cbsa"
"D:/Users/martensn/BRAIN_DRAIN/Code/06_finalize_data.Rmd","hs_cbsa_code"
"D:/Users/martensn/BRAIN_DRAIN/Code/06_finalize_data.Rmd","hs_col_diff_cbsa"
"D:/Users/martensn/BRAIN_DRAIN/Code/06_finalize_data.Rmd","hs_name"
"D:/Users/martensn/BRAIN_DRAIN/Code/06_finalize_data.Rmd","hs_shock_1"
"D:/Users/martensn/BRAIN_DRAIN/Code/06_finalize_data.Rmd","hs_shock_quartile"
"D:/Users/martensn/BRAIN_DRAIN/Code/06_finalize_data.Rmd","hs_state"
"D:/Users/martensn/BRAIN_DRAIN/Code/06_finalize_data.Rmd","in_state"
"D:/Users/martensn/BRAIN_DRAIN/Code/06_finalize_data.Rmd","inst_group_in_state"
"D:/Users/martensn/BRAIN_DRAIN/Code/06_finalize_data.Rmd","instate"
"D:/Users/martensn/BRAIN_DRAIN/Code/06_finalize_data.Rmd","k_mean"
"D:/Users/martensn/BRAIN_DRAIN/Code/06_finalize_data.Rmd","mean"
"D:/Users/martensn/BRAIN_DRAIN/Code/06_finalize_data.Rmd","mobility_rate"
"D:/Users/martensn/BRAIN_DRAIN/Code/06_finalize_data.Rmd","N"
"D:/Users/martensn/BRAIN_DRAIN/Code/06_finalize_data.Rmd","outsample_cbsa_10"
"D:/Users/martensn/BRAIN_DRAIN/Code/06_finalize_data.Rmd","par_mean"
"D:/Users/martensn/BRAIN_DRAIN/Code/06_finalize_data.Rmd","region"
"D:/Users/martensn/BRAIN_DRAIN/Code/06_finalize_data.Rmd","regression_cbsa_10"
"D:/Users/martensn/BRAIN_DRAIN/Code/06_finalize_data.Rmd","return_within_5"
"D:/Users/martensn/BRAIN_DRAIN/Code/06_finalize_data.Rmd","same_cbsa_col_10"
"D:/Users/martensn/BRAIN_DRAIN/Code/06_finalize_data.Rmd","same_cbsa_hs_10"
"D:/Users/martensn/BRAIN_DRAIN/Code/06_finalize_data.Rmd","same_state_col_10"
"D:/Users/martensn/BRAIN_DRAIN/Code/06_finalize_data.Rmd","same_state_hs_10"
"D:/Users/martensn/BRAIN_DRAIN/Code/06_finalize_data.Rmd","soc_code_mode"
"D:/Users/martensn/BRAIN_DRAIN/Code/06_finalize_data.Rmd","state.abb"
"D:/Users/martensn/BRAIN_DRAIN/Code/06_finalize_data.Rmd","state.region"
"D:/Users/martensn/BRAIN_DRAIN/Code/06_finalize_data.Rmd","transfer"
"D:/Users/martensn/BRAIN_DRAIN/Code/06_finalize_data.Rmd","unitid"
"D:/Users/martensn/BRAIN_DRAIN/Code/06_finalize_data.Rmd","V1"
"D:/Users/martensn/BRAIN_DRAIN/Code/07_regressions.Rmd","..instrument_cols"
"D:/Users/martensn/BRAIN_DRAIN/Code/07_regressions.Rmd",".N"
"D:/Users/martensn/BRAIN_DRAIN/Code/07_regressions.Rmd","avg"
"D:/Users/martensn/BRAIN_DRAIN/Code/07_regressions.Rmd","cohorts"
"D:/Users/martensn/BRAIN_DRAIN/Code/07_regressions.Rmd","col_end"
"D:/Users/martensn/BRAIN_DRAIN/Code/07_regressions.Rmd","col_end_numeric"
"D:/Users/martensn/BRAIN_DRAIN/Code/07_regressions.Rmd","difference"
"D:/Users/martensn/BRAIN_DRAIN/Code/07_regressions.Rmd","ever_leave_cbsa_hs"
"D:/Users/martensn/BRAIN_DRAIN/Code/07_regressions.Rmd","ever_leave_state_hs"
"D:/Users/martensn/BRAIN_DRAIN/Code/07_regressions.Rmd","geo"
"D:/Users/martensn/BRAIN_DRAIN/Code/07_regressions.Rmd","hs_cbsa"
"D:/Users/martensn/BRAIN_DRAIN/Code/07_regressions.Rmd","hs_semi_elasticity"
"D:/Users/martensn/BRAIN_DRAIN/Code/07_regressions.Rmd","inst_group"
"D:/Users/martensn/BRAIN_DRAIN/Code/07_regressions.Rmd","leavers"
"D:/Users/martensn/BRAIN_DRAIN/Code/07_regressions.Rmd","paste"
"D:/Users/martensn/BRAIN_DRAIN/Code/07_regressions.Rmd","paste0"
"D:/Users/martensn/BRAIN_DRAIN/Code/07_regressions.Rmd","pred_leavers"
"D:/Users/martensn/BRAIN_DRAIN/Code/07_regressions.Rmd","pred_returners"
"D:/Users/martensn/BRAIN_DRAIN/Code/07_regressions.Rmd","pred_shr_returners"
"D:/Users/martensn/BRAIN_DRAIN/Code/07_regressions.Rmd","pred_shr_returners_base"
"D:/Users/martensn/BRAIN_DRAIN/Code/07_regressions.Rmd","regression"
"D:/Users/martensn/BRAIN_DRAIN/Code/07_regressions.Rmd","regression_cbsa_10"
"D:/Users/martensn/BRAIN_DRAIN/Code/07_regressions.Rmd","returners"
"D:/Users/martensn/BRAIN_DRAIN/Code/07_regressions.Rmd","same_cbsa_hs"
"D:/Users/martensn/BRAIN_DRAIN/Code/07_regressions.Rmd","same_state_hs"
"D:/Users/martensn/BRAIN_DRAIN/Code/07_regressions.Rmd","shock_avg_1"
"D:/Users/martensn/BRAIN_DRAIN/Code/07_regressions.Rmd","shr_returners"
"D:/Users/martensn/BRAIN_DRAIN/Code/07_regressions.Rmd","total_non_stayers"
"D:/Users/martensn/BRAIN_DRAIN/Code/08_data_generation.Rmd",".N"
"D:/Users/martensn/BRAIN_DRAIN/Code/08_data_generation.Rmd",".SD"
"D:/Users/martensn/BRAIN_DRAIN/Code/08_data_generation.Rmd","all_migrants"
"D:/Users/martensn/BRAIN_DRAIN/Code/08_data_generation.Rmd","amenity"
"D:/Users/martensn/BRAIN_DRAIN/Code/08_data_generation.Rmd","birth"
"D:/Users/martensn/BRAIN_DRAIN/Code/08_data_generation.Rmd","cbsa"
"D:/Users/martensn/BRAIN_DRAIN/Code/08_data_generation.Rmd","cbsa_code"
"D:/Users/martensn/BRAIN_DRAIN/Code/08_data_generation.Rmd","cbsa_core"
"D:/Users/martensn/BRAIN_DRAIN/Code/08_data_generation.Rmd","cbsa_li_crosswalk"
"D:/Users/martensn/BRAIN_DRAIN/Code/08_data_generation.Rmd","cbsa_mode"
"D:/Users/martensn/BRAIN_DRAIN/Code/08_data_generation.Rmd","Characteristic"
"D:/Users/martensn/BRAIN_DRAIN/Code/08_data_generation.Rmd","coefficient"
"D:/Users/martensn/BRAIN_DRAIN/Code/08_data_generation.Rmd","cohorts"
"D:/Users/martensn/BRAIN_DRAIN/Code/08_data_generation.Rmd","col_cbsa_code"
"D:/Users/martensn/BRAIN_DRAIN/Code/08_data_generation.Rmd","col_end"
"D:/Users/martensn/BRAIN_DRAIN/Code/08_data_generation.Rmd","col_end_bin"
"D:/Users/martensn/BRAIN_DRAIN/Code/08_data_generation.Rmd","col_end_numeric"
"D:/Users/martensn/BRAIN_DRAIN/Code/08_data_generation.Rmd","col_in_not_hs_cbsa"
"D:/Users/martensn/BRAIN_DRAIN/Code/08_data_generation.Rmd","col_state"
"D:/Users/martensn/BRAIN_DRAIN/Code/08_data_generation.Rmd","col_unitid"
"D:/Users/martensn/BRAIN_DRAIN/Code/08_data_generation.Rmd","count"
"D:/Users/martensn/BRAIN_DRAIN/Code/08_data_generation.Rmd","dest_loc"
"D:/Users/martensn/BRAIN_DRAIN/Code/08_data_generation.Rmd","dest_ties"
"D:/Users/martensn/BRAIN_DRAIN/Code/08_data_generation.Rmd","destination"
"D:/Users/martensn/BRAIN_DRAIN/Code/08_data_generation.Rmd","difference_cbsa_alt"
"D:/Users/martensn/BRAIN_DRAIN/Code/08_data_generation.Rmd","ever_leave_cbsa_col_10"
"D:/Users/martensn/BRAIN_DRAIN/Code/08_data_generation.Rmd","ever_leave_cbsa_hs"
"D:/Users/martensn/BRAIN_DRAIN/Code/08_data_generation.Rmd","ever_leave_cbsa_hs_10"
"D:/Users/martensn/BRAIN_DRAIN/Code/08_data_generation.Rmd","ever_leave_state_hs"
"D:/Users/martensn/BRAIN_DRAIN/Code/08_data_generation.Rmd","ever_leave_state_hs_10"
"D:/Users/martensn/BRAIN_DRAIN/Code/08_data_generation.Rmd","frequency"
"D:/Users/martensn/BRAIN_DRAIN/Code/08_data_generation.Rmd","geos"
"D:/Users/martensn/BRAIN_DRAIN/Code/08_data_generation.Rmd","hs_cbsa"
"D:/Users/martensn/BRAIN_DRAIN/Code/08_data_generation.Rmd","hs_cbsa_code"
"D:/Users/martensn/BRAIN_DRAIN/Code/08_data_generation.Rmd","hs_col_diff_cbsa"
"D:/Users/martensn/BRAIN_DRAIN/Code/08_data_generation.Rmd","hs_shock_7"
"D:/Users/martensn/BRAIN_DRAIN/Code/08_data_generation.Rmd","hs_shock_7_bin"
"D:/Users/martensn/BRAIN_DRAIN/Code/08_data_generation.Rmd","hs_state"
"D:/Users/martensn/BRAIN_DRAIN/Code/08_data_generation.Rmd","in_state"
"D:/Users/martensn/BRAIN_DRAIN/Code/08_data_generation.Rmd","instate"
"D:/Users/martensn/BRAIN_DRAIN/Code/08_data_generation.Rmd","IPEDSMatch"
"D:/Users/martensn/BRAIN_DRAIN/Code/08_data_generation.Rmd","li_shr"
"D:/Users/martensn/BRAIN_DRAIN/Code/08_data_generation.Rmd","li_total_college"
"D:/Users/martensn/BRAIN_DRAIN/Code/08_data_generation.Rmd","local_ties"
"D:/Users/martensn/BRAIN_DRAIN/Code/08_data_generation.Rmd","microdata"
"D:/Users/martensn/BRAIN_DRAIN/Code/08_data_generation.Rmd","migration"
"D:/Users/martensn/BRAIN_DRAIN/Code/08_data_generation.Rmd","n"
"D:/Users/martensn/BRAIN_DRAIN/Code/08_data_generation.Rmd","N"
"D:/Users/martensn/BRAIN_DRAIN/Code/08_data_generation.Rmd","net"
"D:/Users/martensn/BRAIN_DRAIN/Code/08_data_generation.Rmd","net_norm"
"D:/Users/martensn/BRAIN_DRAIN/Code/08_data_generation.Rmd","no_ties"
"D:/Users/martensn/BRAIN_DRAIN/Code/08_data_generation.Rmd","num_bins"
"D:/Users/martensn/BRAIN_DRAIN/Code/08_data_generation.Rmd","ope_unit_crosswalk"
"D:/Users/martensn/BRAIN_DRAIN/Code/08_data_generation.Rmd","orig_loc"
"D:/Users/martensn/BRAIN_DRAIN/Code/08_data_generation.Rmd","orig_ties"
"D:/Users/martensn/BRAIN_DRAIN/Code/08_data_generation.Rmd","origin"
"D:/Users/martensn/BRAIN_DRAIN/Code/08_data_generation.Rmd","PEPSSchname"
"D:/Users/martensn/BRAIN_DRAIN/Code/08_data_generation.Rmd","pred_shr_returners_cbsa"
"D:/Users/martensn/BRAIN_DRAIN/Code/08_data_generation.Rmd","prestige_bin"
"D:/Users/martensn/BRAIN_DRAIN/Code/08_data_generation.Rmd","regression"
"D:/Users/martensn/BRAIN_DRAIN/Code/08_data_generation.Rmd","regression_cbsa_10"
"D:/Users/martensn/BRAIN_DRAIN/Code/08_data_generation.Rmd","regression_state_10"
"D:/Users/martensn/BRAIN_DRAIN/Code/08_data_generation.Rmd","return_col_only"
"D:/Users/martensn/BRAIN_DRAIN/Code/08_data_generation.Rmd","return_hs_col"
"D:/Users/martensn/BRAIN_DRAIN/Code/08_data_generation.Rmd","return_hs_only"
"D:/Users/martensn/BRAIN_DRAIN/Code/08_data_generation.Rmd","return_no_ties"
"D:/Users/martensn/BRAIN_DRAIN/Code/08_data_generation.Rmd","return_to_both"
"D:/Users/martensn/BRAIN_DRAIN/Code/08_data_generation.Rmd","same_cbsa_col_10"
"D:/Users/martensn/BRAIN_DRAIN/Code/08_data_generation.Rmd","same_cbsa_hs"
"D:/Users/martensn/BRAIN_DRAIN/Code/08_data_generation.Rmd","same_cbsa_hs_10"
"D:/Users/martensn/BRAIN_DRAIN/Code/08_data_generation.Rmd","same_cbsa_prop"
"D:/Users/martensn/BRAIN_DRAIN/Code/08_data_generation.Rmd","same_cbsa_prop_is"
"D:/Users/martensn/BRAIN_DRAIN/Code/08_data_generation.Rmd","same_cbsa_prop_oos"
"D:/Users/martensn/BRAIN_DRAIN/Code/08_data_generation.Rmd","same_state_col_10"
"D:/Users/martensn/BRAIN_DRAIN/Code/08_data_generation.Rmd","same_state_hs"
"D:/Users/martensn/BRAIN_DRAIN/Code/08_data_generation.Rmd","same_state_hs_10"
"D:/Users/martensn/BRAIN_DRAIN/Code/08_data_generation.Rmd","same_state_prop"
"D:/Users/martensn/BRAIN_DRAIN/Code/08_data_generation.Rmd","same_state_prop_is"
"D:/Users/martensn/BRAIN_DRAIN/Code/08_data_generation.Rmd","same_state_prop_oos"
"D:/Users/martensn/BRAIN_DRAIN/Code/08_data_generation.Rmd","sample"
"D:/Users/martensn/BRAIN_DRAIN/Code/08_data_generation.Rmd","shr_bin"
"D:/Users/martensn/BRAIN_DRAIN/Code/08_data_generation.Rmd","shr_cbsa"
"D:/Users/martensn/BRAIN_DRAIN/Code/08_data_generation.Rmd","shr_col"
"D:/Users/martensn/BRAIN_DRAIN/Code/08_data_generation.Rmd","shr_instate_li"
"D:/Users/martensn/BRAIN_DRAIN/Code/08_data_generation.Rmd","shr_returners_cbsa"
"D:/Users/martensn/BRAIN_DRAIN/Code/08_data_generation.Rmd","soc_code_mode"
"D:/Users/martensn/BRAIN_DRAIN/Code/08_data_generation.Rmd","specification"
"D:/Users/martensn/BRAIN_DRAIN/Code/08_data_generation.Rmd","state"
"D:/Users/martensn/BRAIN_DRAIN/Code/08_data_generation.Rmd","state_mode"
"D:/Users/martensn/BRAIN_DRAIN/Code/08_data_generation.Rmd","stay_hs_col"
"D:/Users/martensn/BRAIN_DRAIN/Code/08_data_generation.Rmd","stay_hs_only"
"D:/Users/martensn/BRAIN_DRAIN/Code/08_data_generation.Rmd","std_error"
"D:/Users/martensn/BRAIN_DRAIN/Code/08_data_generation.Rmd","total_destination"
"D:/Users/martensn/BRAIN_DRAIN/Code/08_data_generation.Rmd","total_origin"
"D:/Users/martensn/BRAIN_DRAIN/Code/08_data_generation.Rmd","unitid"
"D:/Users/martensn/BRAIN_DRAIN/Code/08_data_generation.Rmd","user_id"
"D:/Users/martensn/BRAIN_DRAIN/Code/08_data_generation.Rmd","variable"
"D:/Users/martensn/BRAIN_DRAIN/Code/08_data_generation.Rmd","year"
"D:/Users/martensn/BRAIN_DRAIN/Code/08_data_generation.Rmd","year_after_grad"
"D:/Users/martensn/BRAIN_DRAIN/Code/08_data_generation.Rmd","years_since_grad"
"D:/Users/martensn/BRAIN_DRAIN/Code/09b_plots_old.Rmd","%in%"
"D:/Users/martensn/BRAIN_DRAIN/Code/09b_plots_old.Rmd","...1"
"D:/Users/martensn/BRAIN_DRAIN/Code/09b_plots_old.Rmd","..relevant_cols"
"D:/Users/martensn/BRAIN_DRAIN/Code/09b_plots_old.Rmd",".N"
"D:/Users/martensn/BRAIN_DRAIN/Code/09b_plots_old.Rmd",".SD"
"D:/Users/martensn/BRAIN_DRAIN/Code/09b_plots_old.Rmd","=="
"D:/Users/martensn/BRAIN_DRAIN/Code/09b_plots_old.Rmd","adj_yrs_inc"
"D:/Users/martensn/BRAIN_DRAIN/Code/09b_plots_old.Rmd","age"
"D:/Users/martensn/BRAIN_DRAIN/Code/09b_plots_old.Rmd","as.character"
"D:/Users/martensn/BRAIN_DRAIN/Code/09b_plots_old.Rmd","avg_1"
"D:/Users/martensn/BRAIN_DRAIN/Code/09b_plots_old.Rmd","avg_3"
"D:/Users/martensn/BRAIN_DRAIN/Code/09b_plots_old.Rmd","avg_5"
"D:/Users/martensn/BRAIN_DRAIN/Code/09b_plots_old.Rmd","avg_7"
"D:/Users/martensn/BRAIN_DRAIN/Code/09b_plots_old.Rmd","birth"
"D:/Users/martensn/BRAIN_DRAIN/Code/09b_plots_old.Rmd","cbsa"
"D:/Users/martensn/BRAIN_DRAIN/Code/09b_plots_old.Rmd","CBSA Title"
"D:/Users/martensn/BRAIN_DRAIN/Code/09b_plots_old.Rmd","cbsa_actual"
"D:/Users/martensn/BRAIN_DRAIN/Code/09b_plots_old.Rmd","cbsa_code"
"D:/Users/martensn/BRAIN_DRAIN/Code/09b_plots_old.Rmd","cbsa_core"
"D:/Users/martensn/BRAIN_DRAIN/Code/09b_plots_old.Rmd","cbsa_li_crosswalk"
"D:/Users/martensn/BRAIN_DRAIN/Code/09b_plots_old.Rmd","cbsa_shock_ptile"
"D:/Users/martensn/BRAIN_DRAIN/Code/09b_plots_old.Rmd","col_end"
"D:/Users/martensn/BRAIN_DRAIN/Code/09b_plots_old.Rmd","col_hs_same_lm"
"D:/Users/martensn/BRAIN_DRAIN/Code/09b_plots_old.Rmd","col_in_not_hs_cbsa"
"D:/Users/martensn/BRAIN_DRAIN/Code/09b_plots_old.Rmd","col_type"
"D:/Users/martensn/BRAIN_DRAIN/Code/09b_plots_old.Rmd","color_list"
"D:/Users/martensn/BRAIN_DRAIN/Code/09b_plots_old.Rmd","count"
"D:/Users/martensn/BRAIN_DRAIN/Code/09b_plots_old.Rmd","county_laea"
"D:/Users/martensn/BRAIN_DRAIN/Code/09b_plots_old.Rmd","destination"
"D:/Users/martensn/BRAIN_DRAIN/Code/09b_plots_old.Rmd","difference_cbsa_alt"
"D:/Users/martensn/BRAIN_DRAIN/Code/09b_plots_old.Rmd","difference_state_alt"
"D:/Users/martensn/BRAIN_DRAIN/Code/09b_plots_old.Rmd","dist"
"D:/Users/martensn/BRAIN_DRAIN/Code/09b_plots_old.Rmd","Distance"
"D:/Users/martensn/BRAIN_DRAIN/Code/09b_plots_old.Rmd","distance_mi"
"D:/Users/martensn/BRAIN_DRAIN/Code/09b_plots_old.Rmd","estimate"
"D:/Users/martensn/BRAIN_DRAIN/Code/09b_plots_old.Rmd","FIPS State Code"
"D:/Users/martensn/BRAIN_DRAIN/Code/09b_plots_old.Rmd","geo"
"D:/Users/martensn/BRAIN_DRAIN/Code/09b_plots_old.Rmd","GEOID"
"D:/Users/martensn/BRAIN_DRAIN/Code/09b_plots_old.Rmd","geometry"
"D:/Users/martensn/BRAIN_DRAIN/Code/09b_plots_old.Rmd","hs_cbsa"
"D:/Users/martensn/BRAIN_DRAIN/Code/09b_plots_old.Rmd","hs_cbsa_code"
"D:/Users/martensn/BRAIN_DRAIN/Code/09b_plots_old.Rmd","hs_shock_7_bin"
"D:/Users/martensn/BRAIN_DRAIN/Code/09b_plots_old.Rmd","hs_state"
"D:/Users/martensn/BRAIN_DRAIN/Code/09b_plots_old.Rmd","in_state"
"D:/Users/martensn/BRAIN_DRAIN/Code/09b_plots_old.Rmd","inst_group"
"D:/Users/martensn/BRAIN_DRAIN/Code/09b_plots_old.Rmd","institutional_characteristics"
"D:/Users/martensn/BRAIN_DRAIN/Code/09b_plots_old.Rmd","li_prop"
"D:/Users/martensn/BRAIN_DRAIN/Code/09b_plots_old.Rmd","li_total"
"D:/Users/martensn/BRAIN_DRAIN/Code/09b_plots_old.Rmd","map"
"D:/Users/martensn/BRAIN_DRAIN/Code/09b_plots_old.Rmd","max_post_grad"
"D:/Users/martensn/BRAIN_DRAIN/Code/09b_plots_old.Rmd","metric"
"D:/Users/martensn/BRAIN_DRAIN/Code/09b_plots_old.Rmd","min_post_grad"
"D:/Users/martensn/BRAIN_DRAIN/Code/09b_plots_old.Rmd","n"
"D:/Users/martensn/BRAIN_DRAIN/Code/09b_plots_old.Rmd","n_grad"
"D:/Users/martensn/BRAIN_DRAIN/Code/09b_plots_old.Rmd","no_ties"
"D:/Users/martensn/BRAIN_DRAIN/Code/09b_plots_old.Rmd","not_recruited"
"D:/Users/martensn/BRAIN_DRAIN/Code/09b_plots_old.Rmd","not_retained"
"D:/Users/martensn/BRAIN_DRAIN/Code/09b_plots_old.Rmd","origin"
"D:/Users/martensn/BRAIN_DRAIN/Code/09b_plots_old.Rmd","pct"
"D:/Users/martensn/BRAIN_DRAIN/Code/09b_plots_old.Rmd","pred_shr_returners_cbsa"
"D:/Users/martensn/BRAIN_DRAIN/Code/09b_plots_old.Rmd","pred_shr_returners_state"
"D:/Users/martensn/BRAIN_DRAIN/Code/09b_plots_old.Rmd","prime_age_prop"
"D:/Users/martensn/BRAIN_DRAIN/Code/09b_plots_old.Rmd","prop"
"D:/Users/martensn/BRAIN_DRAIN/Code/09b_plots_old.Rmd","ptile"
"D:/Users/martensn/BRAIN_DRAIN/Code/09b_plots_old.Rmd","ptile_avg_1"
"D:/Users/martensn/BRAIN_DRAIN/Code/09b_plots_old.Rmd","ptile_avg_3"
"D:/Users/martensn/BRAIN_DRAIN/Code/09b_plots_old.Rmd","ptile_avg_5"
"D:/Users/martensn/BRAIN_DRAIN/Code/09b_plots_old.Rmd","ptile_avg_7"
"D:/Users/martensn/BRAIN_DRAIN/Code/09b_plots_old.Rmd","raw_microdata"
"D:/Users/martensn/BRAIN_DRAIN/Code/09b_plots_old.Rmd","recruited"
"D:/Users/martensn/BRAIN_DRAIN/Code/09b_plots_old.Rmd","regression"
"D:/Users/martensn/BRAIN_DRAIN/Code/09b_plots_old.Rmd","replacement_rate"
"D:/Users/martensn/BRAIN_DRAIN/Code/09b_plots_old.Rmd","retained"
"D:/Users/martensn/BRAIN_DRAIN/Code/09b_plots_old.Rmd","return_col_only"
"D:/Users/martensn/BRAIN_DRAIN/Code/09b_plots_old.Rmd","return_hs_col"
"D:/Users/martensn/BRAIN_DRAIN/Code/09b_plots_old.Rmd","return_hs_only"
"D:/Users/martensn/BRAIN_DRAIN/Code/09b_plots_old.Rmd","returners"
"D:/Users/martensn/BRAIN_DRAIN/Code/09b_plots_old.Rmd","roi"
"D:/Users/martensn/BRAIN_DRAIN/Code/09b_plots_old.Rmd","same_cbsa_col"
"D:/Users/martensn/BRAIN_DRAIN/Code/09b_plots_old.Rmd","same_cbsa_hs"
"D:/Users/martensn/BRAIN_DRAIN/Code/09b_plots_old.Rmd","same_cbsa_prop"
"D:/Users/martensn/BRAIN_DRAIN/Code/09b_plots_old.Rmd","same_cbsa_prop_is"
"D:/Users/martensn/BRAIN_DRAIN/Code/09b_plots_old.Rmd","same_cbsa_prop_oos"
"D:/Users/martensn/BRAIN_DRAIN/Code/09b_plots_old.Rmd","same_state_col"
"D:/Users/martensn/BRAIN_DRAIN/Code/09b_plots_old.Rmd","same_state_hs"
"D:/Users/martensn/BRAIN_DRAIN/Code/09b_plots_old.Rmd","same_state_prop"
"D:/Users/martensn/BRAIN_DRAIN/Code/09b_plots_old.Rmd","same_state_prop_is"
"D:/Users/martensn/BRAIN_DRAIN/Code/09b_plots_old.Rmd","same_state_prop_oos"
"D:/Users/martensn/BRAIN_DRAIN/Code/09b_plots_old.Rmd","shr"
"D:/Users/martensn/BRAIN_DRAIN/Code/09b_plots_old.Rmd","shr_returners_cbsa"
"D:/Users/martensn/BRAIN_DRAIN/Code/09b_plots_old.Rmd","shr_returners_state"
"D:/Users/martensn/BRAIN_DRAIN/Code/09b_plots_old.Rmd","shrunk_rate"
"D:/Users/martensn/BRAIN_DRAIN/Code/09b_plots_old.Rmd","specification"
"D:/Users/martensn/BRAIN_DRAIN/Code/09b_plots_old.Rmd","state"
"D:/Users/martensn/BRAIN_DRAIN/Code/09b_plots_old.Rmd","state_abbr"
"D:/Users/martensn/BRAIN_DRAIN/Code/09b_plots_old.Rmd","state_code"
"D:/Users/martensn/BRAIN_DRAIN/Code/09b_plots_old.Rmd","total"
"D:/Users/martensn/BRAIN_DRAIN/Code/09b_plots_old.Rmd","total_grads"
"D:/Users/martensn/BRAIN_DRAIN/Code/09b_plots_old.Rmd","total_origin"
"D:/Users/martensn/BRAIN_DRAIN/Code/09b_plots_old.Rmd","unified_cbsa"
"D:/Users/martensn/BRAIN_DRAIN/Code/09b_plots_old.Rmd","unitid"
"D:/Users/martensn/BRAIN_DRAIN/Code/09b_plots_old.Rmd","user_id"
"D:/Users/martensn/BRAIN_DRAIN/Code/09b_plots_old.Rmd","value"
"D:/Users/martensn/BRAIN_DRAIN/Code/09b_plots_old.Rmd","variable"
"D:/Users/martensn/BRAIN_DRAIN/Code/09b_plots_old.Rmd","year"
"D:/Users/martensn/BRAIN_DRAIN/Code/09b_plots_old.Rmd","yrs_inc"
"D:/Users/martensn/BRAIN_DRAIN/Code/09b_plots_old.Rmd","yrs_inc_25"
"D:/Users/martensn/BRAIN_DRAIN/Code/09b_plots_old.Rmd","yrs_inc_50"
"D:/Users/martensn/BRAIN_DRAIN/Code/09b_plots_old.Rmd","yrs_inc_75"
"D:/Users/martensn/BRAIN_DRAIN/Code/09_plots.Rmd","%in%"
"D:/Users/martensn/BRAIN_DRAIN/Code/09_plots.Rmd","."
"D:/Users/martensn/BRAIN_DRAIN/Code/09_plots.Rmd","...1"
"D:/Users/martensn/BRAIN_DRAIN/Code/09_plots.Rmd","..unlag_cols"
"D:/Users/martensn/BRAIN_DRAIN/Code/09_plots.Rmd",".data"
"D:/Users/martensn/BRAIN_DRAIN/Code/09_plots.Rmd",".I"
"D:/Users/martensn/BRAIN_DRAIN/Code/09_plots.Rmd",".SD"
"D:/Users/martensn/BRAIN_DRAIN/Code/09_plots.Rmd","academic_year"
"D:/Users/martensn/BRAIN_DRAIN/Code/09_plots.Rmd","adj_deg_awarded"
"D:/Users/martensn/BRAIN_DRAIN/Code/09_plots.Rmd","age"
"D:/Users/martensn/BRAIN_DRAIN/Code/09_plots.Rmd","AGEGROUP"
"D:/Users/martensn/BRAIN_DRAIN/Code/09_plots.Rmd","AGEP"
"D:/Users/martensn/BRAIN_DRAIN/Code/09_plots.Rmd","all_migrants"
"D:/Users/martensn/BRAIN_DRAIN/Code/09_plots.Rmd","alum_uscovered"
"D:/Users/martensn/BRAIN_DRAIN/Code/09_plots.Rmd","as.double"
"D:/Users/martensn/BRAIN_DRAIN/Code/09_plots.Rmd","avg"
"D:/Users/martensn/BRAIN_DRAIN/Code/09_plots.Rmd","avg_acceptance"
"D:/Users/martensn/BRAIN_DRAIN/Code/09_plots.Rmd","awards"
"D:/Users/martensn/BRAIN_DRAIN/Code/09_plots.Rmd","awards_6digit"
"D:/Users/martensn/BRAIN_DRAIN/Code/09_plots.Rmd","bin"
"D:/Users/martensn/BRAIN_DRAIN/Code/09_plots.Rmd","bin_label"
"D:/Users/martensn/BRAIN_DRAIN/Code/09_plots.Rmd","bin_mean"
"D:/Users/martensn/BRAIN_DRAIN/Code/09_plots.Rmd","birth"
"D:/Users/martensn/BRAIN_DRAIN/Code/09_plots.Rmd","birth_outliers"
"D:/Users/martensn/BRAIN_DRAIN/Code/09_plots.Rmd","both_hs_col_length"
"D:/Users/martensn/BRAIN_DRAIN/Code/09_plots.Rmd","bus_workers"
"D:/Users/martensn/BRAIN_DRAIN/Code/09_plots.Rmd","business_awards"
"D:/Users/martensn/BRAIN_DRAIN/Code/09_plots.Rmd","cbsa"
"D:/Users/martensn/BRAIN_DRAIN/Code/09_plots.Rmd","CBSA Title"
"D:/Users/martensn/BRAIN_DRAIN/Code/09_plots.Rmd","cbsa_actual"
"D:/Users/martensn/BRAIN_DRAIN/Code/09_plots.Rmd","cbsa_code"
"D:/Users/martensn/BRAIN_DRAIN/Code/09_plots.Rmd","cbsa_core"
"D:/Users/martensn/BRAIN_DRAIN/Code/09_plots.Rmd","cbsa_li_crosswalk"
"D:/Users/martensn/BRAIN_DRAIN/Code/09_plots.Rmd","Channel"
"D:/Users/martensn/BRAIN_DRAIN/Code/09_plots.Rmd","characteristic"
"D:/Users/martensn/BRAIN_DRAIN/Code/09_plots.Rmd","Characteristic"
"D:/Users/martensn/BRAIN_DRAIN/Code/09_plots.Rmd","cip_2"
"D:/Users/martensn/BRAIN_DRAIN/Code/09_plots.Rmd","cipcode"
"D:/Users/martensn/BRAIN_DRAIN/Code/09_plots.Rmd","cipcode_6digit"
"D:/Users/martensn/BRAIN_DRAIN/Code/09_plots.Rmd","coef"
"D:/Users/martensn/BRAIN_DRAIN/Code/09_plots.Rmd","coef_geo"
"D:/Users/martensn/BRAIN_DRAIN/Code/09_plots.Rmd","coefficient"
"D:/Users/martensn/BRAIN_DRAIN/Code/09_plots.Rmd","coefficient_lower"
"D:/Users/martensn/BRAIN_DRAIN/Code/09_plots.Rmd","coefficient_upper"
"D:/Users/martensn/BRAIN_DRAIN/Code/09_plots.Rmd","coefficients"
"D:/Users/martensn/BRAIN_DRAIN/Code/09_plots.Rmd","cohort"
"D:/Users/martensn/BRAIN_DRAIN/Code/09_plots.Rmd","col_coef"
"D:/Users/martensn/BRAIN_DRAIN/Code/09_plots.Rmd","col_conf_high"
"D:/Users/martensn/BRAIN_DRAIN/Code/09_plots.Rmd","col_conf_low"
"D:/Users/martensn/BRAIN_DRAIN/Code/09_plots.Rmd","col_end"
"D:/Users/martensn/BRAIN_DRAIN/Code/09_plots.Rmd","col_end_bin"
"D:/Users/martensn/BRAIN_DRAIN/Code/09_plots.Rmd","col_grad"
"D:/Users/martensn/BRAIN_DRAIN/Code/09_plots.Rmd","col_grad_micro"
"D:/Users/martensn/BRAIN_DRAIN/Code/09_plots.Rmd","col_semi_elasticity"
"D:/Users/martensn/BRAIN_DRAIN/Code/09_plots.Rmd","col_semi_elasticity_pct"
"D:/Users/martensn/BRAIN_DRAIN/Code/09_plots.Rmd","col_users_length"
"D:/Users/martensn/BRAIN_DRAIN/Code/09_plots.Rmd","col_var"
"D:/Users/martensn/BRAIN_DRAIN/Code/09_plots.Rmd","college_dne"
"D:/Users/martensn/BRAIN_DRAIN/Code/09_plots.Rmd","conf_high"
"D:/Users/martensn/BRAIN_DRAIN/Code/09_plots.Rmd","conf_high_geo"
"D:/Users/martensn/BRAIN_DRAIN/Code/09_plots.Rmd","conf_low"
"D:/Users/martensn/BRAIN_DRAIN/Code/09_plots.Rmd","conf_low_geo"
"D:/Users/martensn/BRAIN_DRAIN/Code/09_plots.Rmd","count"
"D:/Users/martensn/BRAIN_DRAIN/Code/09_plots.Rmd","COUNTY"
"D:/Users/martensn/BRAIN_DRAIN/Code/09_plots.Rmd","county_laea"
"D:/Users/martensn/BRAIN_DRAIN/Code/09_plots.Rmd","cum_shr"
"D:/Users/martensn/BRAIN_DRAIN/Code/09_plots.Rmd","data"
"D:/Users/martensn/BRAIN_DRAIN/Code/09_plots.Rmd","Dataset"
"D:/Users/martensn/BRAIN_DRAIN/Code/09_plots.Rmd","DATE"
"D:/Users/martensn/BRAIN_DRAIN/Code/09_plots.Rmd","DATE_"
"D:/Users/martensn/BRAIN_DRAIN/Code/09_plots.Rmd","dep_var"
"D:/Users/martensn/BRAIN_DRAIN/Code/09_plots.Rmd","dest_bin_mean"
"D:/Users/martensn/BRAIN_DRAIN/Code/09_plots.Rmd","dest_emp_rate"
"D:/Users/martensn/BRAIN_DRAIN/Code/09_plots.Rmd","destination"
"D:/Users/martensn/BRAIN_DRAIN/Code/09_plots.Rmd","difference_cbsa_alt"
"D:/Users/martensn/BRAIN_DRAIN/Code/09_plots.Rmd","emp"
"D:/Users/martensn/BRAIN_DRAIN/Code/09_plots.Rmd","emp_rate"
"D:/Users/martensn/BRAIN_DRAIN/Code/09_plots.Rmd","emp_rate_end"
"D:/Users/martensn/BRAIN_DRAIN/Code/09_plots.Rmd","eng_workers"
"D:/Users/martensn/BRAIN_DRAIN/Code/09_plots.Rmd","engineering_awards"
"D:/Users/martensn/BRAIN_DRAIN/Code/09_plots.Rmd","esr"
"D:/Users/martensn/BRAIN_DRAIN/Code/09_plots.Rmd","ESR"
"D:/Users/martensn/BRAIN_DRAIN/Code/09_plots.Rmd","esr_1"
"D:/Users/martensn/BRAIN_DRAIN/Code/09_plots.Rmd","esr_2"
"D:/Users/martensn/BRAIN_DRAIN/Code/09_plots.Rmd","esr_3"
"D:/Users/martensn/BRAIN_DRAIN/Code/09_plots.Rmd","esr_6"
"D:/Users/martensn/BRAIN_DRAIN/Code/09_plots.Rmd","FIPS State Code"
"D:/Users/martensn/BRAIN_DRAIN/Code/09_plots.Rmd","fips_codes"
"D:/Users/martensn/BRAIN_DRAIN/Code/09_plots.Rmd","fips_county"
"D:/Users/martensn/BRAIN_DRAIN/Code/09_plots.Rmd","first_year"
"D:/Users/martensn/BRAIN_DRAIN/Code/09_plots.Rmd","flow_in"
"D:/Users/martensn/BRAIN_DRAIN/Code/09_plots.Rmd","flow_in_ties"
"D:/Users/martensn/BRAIN_DRAIN/Code/09_plots.Rmd","flow_out"
"D:/Users/martensn/BRAIN_DRAIN/Code/09_plots.Rmd","flow_out_ties"
"D:/Users/martensn/BRAIN_DRAIN/Code/09_plots.Rmd","geo"
"D:/Users/martensn/BRAIN_DRAIN/Code/09_plots.Rmd","geography"
"D:/Users/martensn/BRAIN_DRAIN/Code/09_plots.Rmd","GEOID"
"D:/Users/martensn/BRAIN_DRAIN/Code/09_plots.Rmd","geometry"
"D:/Users/martensn/BRAIN_DRAIN/Code/09_plots.Rmd","grads"
"D:/Users/martensn/BRAIN_DRAIN/Code/09_plots.Rmd","group"
"D:/Users/martensn/BRAIN_DRAIN/Code/09_plots.Rmd","hs_cbsa"
"D:/Users/martensn/BRAIN_DRAIN/Code/09_plots.Rmd","hs_coef"
"D:/Users/martensn/BRAIN_DRAIN/Code/09_plots.Rmd","hs_col_diff_cbsa"
"D:/Users/martensn/BRAIN_DRAIN/Code/09_plots.Rmd","hs_conf_high"
"D:/Users/martensn/BRAIN_DRAIN/Code/09_plots.Rmd","hs_conf_low"
"D:/Users/martensn/BRAIN_DRAIN/Code/09_plots.Rmd","hs_semi_elasticity"
"D:/Users/martensn/BRAIN_DRAIN/Code/09_plots.Rmd","hs_semi_elasticity_pct"
"D:/Users/martensn/BRAIN_DRAIN/Code/09_plots.Rmd","hs_shock_7_bin"
"D:/Users/martensn/BRAIN_DRAIN/Code/09_plots.Rmd","hs_var"
"D:/Users/martensn/BRAIN_DRAIN/Code/09_plots.Rmd","identity"
"D:/Users/martensn/BRAIN_DRAIN/Code/09_plots.Rmd","In-Migration"
"D:/Users/martensn/BRAIN_DRAIN/Code/09_plots.Rmd","In-Migration with Ties"
"D:/Users/martensn/BRAIN_DRAIN/Code/09_plots.Rmd","In-State"
"D:/Users/martensn/BRAIN_DRAIN/Code/09_plots.Rmd","in_migration_rate"
"D:/Users/martensn/BRAIN_DRAIN/Code/09_plots.Rmd","in_migration_ties_rate"
"D:/Users/martensn/BRAIN_DRAIN/Code/09_plots.Rmd","in_state"
"D:/Users/martensn/BRAIN_DRAIN/Code/09_plots.Rmd","inst_group"
"D:/Users/martensn/BRAIN_DRAIN/Code/09_plots.Rmd","inst_group_total"
"D:/Users/martensn/BRAIN_DRAIN/Code/09_plots.Rmd","inst_name"
"D:/Users/martensn/BRAIN_DRAIN/Code/09_plots.Rmd","institution"
"D:/Users/martensn/BRAIN_DRAIN/Code/09_plots.Rmd","intercept"
"D:/Users/martensn/BRAIN_DRAIN/Code/09_plots.Rmd","ipeds_shr"
"D:/Users/martensn/BRAIN_DRAIN/Code/09_plots.Rmd","k_mean"
"D:/Users/martensn/BRAIN_DRAIN/Code/09_plots.Rmd","labor_force"
"D:/Users/martensn/BRAIN_DRAIN/Code/09_plots.Rmd","ld_shock_cost"
"D:/Users/martensn/BRAIN_DRAIN/Code/09_plots.Rmd","level"
"D:/Users/martensn/BRAIN_DRAIN/Code/09_plots.Rmd","li_deg_prop"
"D:/Users/martensn/BRAIN_DRAIN/Code/09_plots.Rmd","li_prop"
"D:/Users/martensn/BRAIN_DRAIN/Code/09_plots.Rmd","li_shr"
"D:/Users/martensn/BRAIN_DRAIN/Code/09_plots.Rmd","li_total"
"D:/Users/martensn/BRAIN_DRAIN/Code/09_plots.Rmd","li_total_college"
"D:/Users/martensn/BRAIN_DRAIN/Code/09_plots.Rmd","local_returners"
"D:/Users/martensn/BRAIN_DRAIN/Code/09_plots.Rmd","migration"
"D:/Users/martensn/BRAIN_DRAIN/Code/09_plots.Rmd","migration_end"
"D:/Users/martensn/BRAIN_DRAIN/Code/09_plots.Rmd","mobility_rate"
"D:/Users/martensn/BRAIN_DRAIN/Code/09_plots.Rmd","model"
"D:/Users/martensn/BRAIN_DRAIN/Code/09_plots.Rmd","n"
"D:/Users/martensn/BRAIN_DRAIN/Code/09_plots.Rmd","N"
"D:/Users/martensn/BRAIN_DRAIN/Code/09_plots.Rmd","N_adj"
"D:/Users/martensn/BRAIN_DRAIN/Code/09_plots.Rmd","N_total"
"D:/Users/martensn/BRAIN_DRAIN/Code/09_plots.Rmd","naics"
"D:/Users/martensn/BRAIN_DRAIN/Code/09_plots.Rmd","Net Migration"
"D:/Users/martensn/BRAIN_DRAIN/Code/09_plots.Rmd","Net Migration with Ties"
"D:/Users/martensn/BRAIN_DRAIN/Code/09_plots.Rmd","no_ties"
"D:/Users/martensn/BRAIN_DRAIN/Code/09_plots.Rmd","no_work_date"
"D:/Users/martensn/BRAIN_DRAIN/Code/09_plots.Rmd","no_work_hist"
"D:/Users/martensn/BRAIN_DRAIN/Code/09_plots.Rmd","no_work_location"
"D:/Users/martensn/BRAIN_DRAIN/Code/09_plots.Rmd","non_chronological_work"
"D:/Users/martensn/BRAIN_DRAIN/Code/09_plots.Rmd","norm"
"D:/Users/martensn/BRAIN_DRAIN/Code/09_plots.Rmd","orig_bin"
"D:/Users/martensn/BRAIN_DRAIN/Code/09_plots.Rmd","orig_bin_mean"
"D:/Users/martensn/BRAIN_DRAIN/Code/09_plots.Rmd","Out-Migration"
"D:/Users/martensn/BRAIN_DRAIN/Code/09_plots.Rmd","Out-Migration with Ties"
"D:/Users/martensn/BRAIN_DRAIN/Code/09_plots.Rmd","Out-of-State"
"D:/Users/martensn/BRAIN_DRAIN/Code/09_plots.Rmd","out_migration_rate"
"D:/Users/martensn/BRAIN_DRAIN/Code/09_plots.Rmd","out_migration_ties_rate"
"D:/Users/martensn/BRAIN_DRAIN/Code/09_plots.Rmd","outcome"
"D:/Users/martensn/BRAIN_DRAIN/Code/09_plots.Rmd","Overall"
"D:/Users/martensn/BRAIN_DRAIN/Code/09_plots.Rmd","overrep"
"D:/Users/martensn/BRAIN_DRAIN/Code/09_plots.Rmd","par_mean"
"D:/Users/martensn/BRAIN_DRAIN/Code/09_plots.Rmd","paste0"
"D:/Users/martensn/BRAIN_DRAIN/Code/09_plots.Rmd","pf"
"D:/Users/martensn/BRAIN_DRAIN/Code/09_plots.Rmd","PF"
"D:/Users/martensn/BRAIN_DRAIN/Code/09_plots.Rmd","Pooled"
"D:/Users/martensn/BRAIN_DRAIN/Code/09_plots.Rmd","pop"
"D:/Users/martensn/BRAIN_DRAIN/Code/09_plots.Rmd","POP"
"D:/Users/martensn/BRAIN_DRAIN/Code/09_plots.Rmd","post_1983"
"D:/Users/martensn/BRAIN_DRAIN/Code/09_plots.Rmd","pred_shr_returners_cbsa"
"D:/Users/martensn/BRAIN_DRAIN/Code/09_plots.Rmd","prestige_bin"
"D:/Users/martensn/BRAIN_DRAIN/Code/09_plots.Rmd","Private, Non-Profit"
"D:/Users/martensn/BRAIN_DRAIN/Code/09_plots.Rmd","PWGTP"
"D:/Users/martensn/BRAIN_DRAIN/Code/09_plots.Rmd","r_sq"
"D:/Users/martensn/BRAIN_DRAIN/Code/09_plots.Rmd","raw_deg_award"
"D:/Users/martensn/BRAIN_DRAIN/Code/09_plots.Rmd","raw_tot"
"D:/Users/martensn/BRAIN_DRAIN/Code/09_plots.Rmd","reg_obs"
"D:/Users/martensn/BRAIN_DRAIN/Code/09_plots.Rmd","region"
"D:/Users/martensn/BRAIN_DRAIN/Code/09_plots.Rmd","region_total"
"D:/Users/martensn/BRAIN_DRAIN/Code/09_plots.Rmd","regression"
"D:/Users/martensn/BRAIN_DRAIN/Code/09_plots.Rmd","remaining_pre_1983"
"D:/Users/martensn/BRAIN_DRAIN/Code/09_plots.Rmd","return_col_only"
"D:/Users/martensn/BRAIN_DRAIN/Code/09_plots.Rmd","return_hs_col"
"D:/Users/martensn/BRAIN_DRAIN/Code/09_plots.Rmd","return_hs_only"
"D:/Users/martensn/BRAIN_DRAIN/Code/09_plots.Rmd","returner_status"
"D:/Users/martensn/BRAIN_DRAIN/Code/09_plots.Rmd","returners"
"D:/Users/martensn/BRAIN_DRAIN/Code/09_plots.Rmd","RPU"
"D:/Users/martensn/BRAIN_DRAIN/Code/09_plots.Rmd","s ID"
"D:/Users/martensn/BRAIN_DRAIN/Code/09_plots.Rmd","same_cbsa_hs_10"
"D:/Users/martensn/BRAIN_DRAIN/Code/09_plots.Rmd","sample"
"D:/Users/martensn/BRAIN_DRAIN/Code/09_plots.Rmd","SCHL"
"D:/Users/martensn/BRAIN_DRAIN/Code/09_plots.Rmd","second_year"
"D:/Users/martensn/BRAIN_DRAIN/Code/09_plots.Rmd","semi_elasticity"
"D:/Users/martensn/BRAIN_DRAIN/Code/09_plots.Rmd","share_state_adj"
"D:/Users/martensn/BRAIN_DRAIN/Code/09_plots.Rmd","share_state_renorm_adj"
"D:/Users/martensn/BRAIN_DRAIN/Code/09_plots.Rmd","shock"
"D:/Users/martensn/BRAIN_DRAIN/Code/09_plots.Rmd","shock_avg_1"
"D:/Users/martensn/BRAIN_DRAIN/Code/09_plots.Rmd","shr"
"D:/Users/martensn/BRAIN_DRAIN/Code/09_plots.Rmd","shr_bls"
"D:/Users/martensn/BRAIN_DRAIN/Code/09_plots.Rmd","shr_bus"
"D:/Users/martensn/BRAIN_DRAIN/Code/09_plots.Rmd","shr_cbsa"
"D:/Users/martensn/BRAIN_DRAIN/Code/09_plots.Rmd","shr_eng"
"D:/Users/martensn/BRAIN_DRAIN/Code/09_plots.Rmd","shr_ever_return"
"D:/Users/martensn/BRAIN_DRAIN/Code/09_plots.Rmd","shr_ever_return_cbsa"
"D:/Users/martensn/BRAIN_DRAIN/Code/09_plots.Rmd","shr_ever_return_state"
"D:/Users/martensn/BRAIN_DRAIN/Code/09_plots.Rmd","shr_inst_group"
"D:/Users/martensn/BRAIN_DRAIN/Code/09_plots.Rmd","shr_instate"
"D:/Users/martensn/BRAIN_DRAIN/Code/09_plots.Rmd","shr_instate_ipeds"
"D:/Users/martensn/BRAIN_DRAIN/Code/09_plots.Rmd","shr_instate_li"
"D:/Users/martensn/BRAIN_DRAIN/Code/09_plots.Rmd","shr_li"
"D:/Users/martensn/BRAIN_DRAIN/Code/09_plots.Rmd","shr_not_returner"
"D:/Users/martensn/BRAIN_DRAIN/Code/09_plots.Rmd","shr_retired"
"D:/Users/martensn/BRAIN_DRAIN/Code/09_plots.Rmd","shr_return"
"D:/Users/martensn/BRAIN_DRAIN/Code/09_plots.Rmd","shr_return_cbsa"
"D:/Users/martensn/BRAIN_DRAIN/Code/09_plots.Rmd","shr_return_state"
"D:/Users/martensn/BRAIN_DRAIN/Code/09_plots.Rmd","shr_returner"
"D:/Users/martensn/BRAIN_DRAIN/Code/09_plots.Rmd","shr_returners"
"D:/Users/martensn/BRAIN_DRAIN/Code/09_plots.Rmd","shr_returners_cbsa"
"D:/Users/martensn/BRAIN_DRAIN/Code/09_plots.Rmd","shr_state"
"D:/Users/martensn/BRAIN_DRAIN/Code/09_plots.Rmd","shr_total"
"D:/Users/martensn/BRAIN_DRAIN/Code/09_plots.Rmd","shrunk_rate"
"D:/Users/martensn/BRAIN_DRAIN/Code/09_plots.Rmd","slope"
"D:/Users/martensn/BRAIN_DRAIN/Code/09_plots.Rmd","soc_2_title"
"D:/Users/martensn/BRAIN_DRAIN/Code/09_plots.Rmd","soc_code_mode"
"D:/Users/martensn/BRAIN_DRAIN/Code/09_plots.Rmd","soc_title"
"D:/Users/martensn/BRAIN_DRAIN/Code/09_plots.Rmd","socp"
"D:/Users/martensn/BRAIN_DRAIN/Code/09_plots.Rmd","socp_raw"
"D:/Users/martensn/BRAIN_DRAIN/Code/09_plots.Rmd","stage"
"D:/Users/martensn/BRAIN_DRAIN/Code/09_plots.Rmd","state"
"D:/Users/martensn/BRAIN_DRAIN/Code/09_plots.Rmd","STATE"
"D:/Users/martensn/BRAIN_DRAIN/Code/09_plots.Rmd","state_abbr"
"D:/Users/martensn/BRAIN_DRAIN/Code/09_plots.Rmd","state_code"
"D:/Users/martensn/BRAIN_DRAIN/Code/09_plots.Rmd","state_mode"
"D:/Users/martensn/BRAIN_DRAIN/Code/09_plots.Rmd","state_of_residence"
"D:/Users/martensn/BRAIN_DRAIN/Code/09_plots.Rmd","state_region_crosswalk"
"D:/Users/martensn/BRAIN_DRAIN/Code/09_plots.Rmd","stay_hs_col"
"D:/Users/martensn/BRAIN_DRAIN/Code/09_plots.Rmd","stay_hs_only"
"D:/Users/martensn/BRAIN_DRAIN/Code/09_plots.Rmd","std_err"
"D:/Users/martensn/BRAIN_DRAIN/Code/09_plots.Rmd","std_error"
"D:/Users/martensn/BRAIN_DRAIN/Code/09_plots.Rmd","stock_local_ties"
"D:/Users/martensn/BRAIN_DRAIN/Code/09_plots.Rmd","summary"
"D:/Users/martensn/BRAIN_DRAIN/Code/09_plots.Rmd","territory_hs_col"
"D:/Users/martensn/BRAIN_DRAIN/Code/09_plots.Rmd","ties"
"D:/Users/martensn/BRAIN_DRAIN/Code/09_plots.Rmd","time"
"D:/Users/martensn/BRAIN_DRAIN/Code/09_plots.Rmd","total"
"D:/Users/martensn/BRAIN_DRAIN/Code/09_plots.Rmd","total_deg_awarded"
"D:/Users/martensn/BRAIN_DRAIN/Code/09_plots.Rmd","total_destination"
"D:/Users/martensn/BRAIN_DRAIN/Code/09_plots.Rmd","total_origin"
"D:/Users/martensn/BRAIN_DRAIN/Code/09_plots.Rmd","total_returners_bin"
"D:/Users/martensn/BRAIN_DRAIN/Code/09_plots.Rmd","total_us"
"D:/Users/martensn/BRAIN_DRAIN/Code/09_plots.Rmd","type"
"D:/Users/martensn/BRAIN_DRAIN/Code/09_plots.Rmd","type_of_freshman"
"D:/Users/martensn/BRAIN_DRAIN/Code/09_plots.Rmd","unified_cbsa"
"D:/Users/martensn/BRAIN_DRAIN/Code/09_plots.Rmd","unitid"
"D:/Users/martensn/BRAIN_DRAIN/Code/09_plots.Rmd","universe"
"D:/Users/martensn/BRAIN_DRAIN/Code/09_plots.Rmd","universe_portion"
"D:/Users/martensn/BRAIN_DRAIN/Code/09_plots.Rmd","universe_total"
"D:/Users/martensn/BRAIN_DRAIN/Code/09_plots.Rmd","V1"
"D:/Users/martensn/BRAIN_DRAIN/Code/09_plots.Rmd","value"
"D:/Users/martensn/BRAIN_DRAIN/Code/09_plots.Rmd","variable"
"D:/Users/martensn/BRAIN_DRAIN/Code/09_plots.Rmd","workers"
"D:/Users/martensn/BRAIN_DRAIN/Code/09_plots.Rmd","x"
"D:/Users/martensn/BRAIN_DRAIN/Code/09_plots.Rmd","year"
"D:/Users/martensn/BRAIN_DRAIN/Code/09_plots.Rmd","years_since_grad"
"D:/Users/martensn/BRAIN_DRAIN/Code/09_plots.Rmd","yrs_grad_end"
"D:/Users/martensn/BRAIN_DRAIN/Code/09_plots.Rmd","yrs_grad_start"
"D:/Users/martensn/BRAIN_DRAIN/Code/10_roi.Rmd",".N"
"D:/Users/martensn/BRAIN_DRAIN/Code/10_roi.Rmd","acceptance_rate"
"D:/Users/martensn/BRAIN_DRAIN/Code/10_roi.Rmd","annual_shr"
"D:/Users/martensn/BRAIN_DRAIN/Code/10_roi.Rmd","as.numeric"
"D:/Users/martensn/BRAIN_DRAIN/Code/10_roi.Rmd","avg_acceptance"
"D:/Users/martensn/BRAIN_DRAIN/Code/10_roi.Rmd","awards"
"D:/Users/martensn/BRAIN_DRAIN/Code/10_roi.Rmd","category"
"D:/Users/martensn/BRAIN_DRAIN/Code/10_roi.Rmd","cipcode"
"D:/Users/martensn/BRAIN_DRAIN/Code/10_roi.Rmd","cohort_adj_150pct"
"D:/Users/martensn/BRAIN_DRAIN/Code/10_roi.Rmd","cohort_adj_200pct"
"D:/Users/martensn/BRAIN_DRAIN/Code/10_roi.Rmd","cohort_rev"
"D:/Users/martensn/BRAIN_DRAIN/Code/10_roi.Rmd","cohort_year"
"D:/Users/martensn/BRAIN_DRAIN/Code/10_roi.Rmd","col_state"
"D:/Users/martensn/BRAIN_DRAIN/Code/10_roi.Rmd","col_unitid"
"D:/Users/martensn/BRAIN_DRAIN/Code/10_roi.Rmd","completers_100pct"
"D:/Users/martensn/BRAIN_DRAIN/Code/10_roi.Rmd","completers_150pct"
"D:/Users/martensn/BRAIN_DRAIN/Code/10_roi.Rmd","completers_200pct"
"D:/Users/martensn/BRAIN_DRAIN/Code/10_roi.Rmd","completion_rate_100pct"
"D:/Users/martensn/BRAIN_DRAIN/Code/10_roi.Rmd","completion_rate_150pct"
"D:/Users/martensn/BRAIN_DRAIN/Code/10_roi.Rmd","completion_rate_200pct"
"D:/Users/martensn/BRAIN_DRAIN/Code/10_roi.Rmd","count"
"D:/Users/martensn/BRAIN_DRAIN/Code/10_roi.Rmd","county_fips"
"D:/Users/martensn/BRAIN_DRAIN/Code/10_roi.Rmd","deflator"
"D:/Users/martensn/BRAIN_DRAIN/Code/10_roi.Rmd","factor_acceptance"
"D:/Users/martensn/BRAIN_DRAIN/Code/10_roi.Rmd","field"
"D:/Users/martensn/BRAIN_DRAIN/Code/10_roi.Rmd","fips"
"D:/Users/martensn/BRAIN_DRAIN/Code/10_roi.Rmd","GeoFIPS"
"D:/Users/martensn/BRAIN_DRAIN/Code/10_roi.Rmd","hs_state"
"D:/Users/martensn/BRAIN_DRAIN/Code/10_roi.Rmd","in_state"
"D:/Users/martensn/BRAIN_DRAIN/Code/10_roi.Rmd","inst_category"
"D:/Users/martensn/BRAIN_DRAIN/Code/10_roi.Rmd","inst_control"
"D:/Users/martensn/BRAIN_DRAIN/Code/10_roi.Rmd","inst_group"
"D:/Users/martensn/BRAIN_DRAIN/Code/10_roi.Rmd","inst_name"
"D:/Users/martensn/BRAIN_DRAIN/Code/10_roi.Rmd","institution_crosswalk"
"D:/Users/martensn/BRAIN_DRAIN/Code/10_roi.Rmd","institution_level"
"D:/Users/martensn/BRAIN_DRAIN/Code/10_roi.Rmd","k_mean"
"D:/Users/martensn/BRAIN_DRAIN/Code/10_roi.Rmd","k_q1"
"D:/Users/martensn/BRAIN_DRAIN/Code/10_roi.Rmd","k_q2"
"D:/Users/martensn/BRAIN_DRAIN/Code/10_roi.Rmd","k_q3"
"D:/Users/martensn/BRAIN_DRAIN/Code/10_roi.Rmd","k_q4"
"D:/Users/martensn/BRAIN_DRAIN/Code/10_roi.Rmd","k_top1pc"
"D:/Users/martensn/BRAIN_DRAIN/Code/10_roi.Rmd","land_grant"
"D:/Users/martensn/BRAIN_DRAIN/Code/10_roi.Rmd","li_user_shr"
"D:/Users/martensn/BRAIN_DRAIN/Code/10_roi.Rmd","Measure"
"D:/Users/martensn/BRAIN_DRAIN/Code/10_roi.Rmd","metric"
"D:/Users/martensn/BRAIN_DRAIN/Code/10_roi.Rmd","mobility_n"
"D:/Users/martensn/BRAIN_DRAIN/Code/10_roi.Rmd","mobility_rate"
"D:/Users/martensn/BRAIN_DRAIN/Code/10_roi.Rmd","mr_kq5_pq1"
"D:/Users/martensn/BRAIN_DRAIN/Code/10_roi.Rmd","non_complete_shr"
"D:/Users/martensn/BRAIN_DRAIN/Code/10_roi.Rmd","non_complete_state_cost"
"D:/Users/martensn/BRAIN_DRAIN/Code/10_roi.Rmd","non_complete_tuition_cost"
"D:/Users/martensn/BRAIN_DRAIN/Code/10_roi.Rmd","non_completers"
"D:/Users/martensn/BRAIN_DRAIN/Code/10_roi.Rmd","non_completion_rate"
"D:/Users/martensn/BRAIN_DRAIN/Code/10_roi.Rmd","norm_shr"
"D:/Users/martensn/BRAIN_DRAIN/Code/10_roi.Rmd","not_recruited"
"D:/Users/martensn/BRAIN_DRAIN/Code/10_roi.Rmd","Not_Recruited"
"D:/Users/martensn/BRAIN_DRAIN/Code/10_roi.Rmd","not_retained"
"D:/Users/martensn/BRAIN_DRAIN/Code/10_roi.Rmd","Not_Retained"
"D:/Users/martensn/BRAIN_DRAIN/Code/10_roi.Rmd","number_applied"
"D:/Users/martensn/BRAIN_DRAIN/Code/10_roi.Rmd","number_enrolled_total"
"D:/Users/martensn/BRAIN_DRAIN/Code/10_roi.Rmd","par_mean"
"D:/Users/martensn/BRAIN_DRAIN/Code/10_roi.Rmd","par_q1"
"D:/Users/martensn/BRAIN_DRAIN/Code/10_roi.Rmd","par_q2"
"D:/Users/martensn/BRAIN_DRAIN/Code/10_roi.Rmd","par_q3"
"D:/Users/martensn/BRAIN_DRAIN/Code/10_roi.Rmd","par_q4"
"D:/Users/martensn/BRAIN_DRAIN/Code/10_roi.Rmd","par_top1pc"
"D:/Users/martensn/BRAIN_DRAIN/Code/10_roi.Rmd","periodName"
"D:/Users/martensn/BRAIN_DRAIN/Code/10_roi.Rmd","Private, For-Profit"
"D:/Users/martensn/BRAIN_DRAIN/Code/10_roi.Rmd","recruited"
"D:/Users/martensn/BRAIN_DRAIN/Code/10_roi.Rmd","Recruited"
"D:/Users/martensn/BRAIN_DRAIN/Code/10_roi.Rmd","recruitment_institutional"
"D:/Users/martensn/BRAIN_DRAIN/Code/10_roi.Rmd","retained"
"D:/Users/martensn/BRAIN_DRAIN/Code/10_roi.Rmd","Retained"
"D:/Users/martensn/BRAIN_DRAIN/Code/10_roi.Rmd","rev_appropriations_state"
"D:/Users/martensn/BRAIN_DRAIN/Code/10_roi.Rmd","rev_total_current"
"D:/Users/martensn/BRAIN_DRAIN/Code/10_roi.Rmd","rev_tuition_fees"
"D:/Users/martensn/BRAIN_DRAIN/Code/10_roi.Rmd","rev_tuition_fees_net"
"D:/Users/martensn/BRAIN_DRAIN/Code/10_roi.Rmd","same_state_col"
"D:/Users/martensn/BRAIN_DRAIN/Code/10_roi.Rmd","shr"
"D:/Users/martensn/BRAIN_DRAIN/Code/10_roi.Rmd","shr_hc_adj"
"D:/Users/martensn/BRAIN_DRAIN/Code/10_roi.Rmd","shr_instate_ipeds"
"D:/Users/martensn/BRAIN_DRAIN/Code/10_roi.Rmd","shr_non_complete_adj"
"D:/Users/martensn/BRAIN_DRAIN/Code/10_roi.Rmd","shr_recruited"
"D:/Users/martensn/BRAIN_DRAIN/Code/10_roi.Rmd","shr_retained"
"D:/Users/martensn/BRAIN_DRAIN/Code/10_roi.Rmd","state_abbr"
"D:/Users/martensn/BRAIN_DRAIN/Code/10_roi.Rmd","state_approp_shr"
"D:/Users/martensn/BRAIN_DRAIN/Code/10_roi.Rmd","state_cohort_cost"
"D:/Users/martensn/BRAIN_DRAIN/Code/10_roi.Rmd","state_cost"
"D:/Users/martensn/BRAIN_DRAIN/Code/10_roi.Rmd","state_cost_less_nc"
"D:/Users/martensn/BRAIN_DRAIN/Code/10_roi.Rmd","state_cost_non_complete"
"D:/Users/martensn/BRAIN_DRAIN/Code/10_roi.Rmd","state_cost_per_grad"
"D:/Users/martensn/BRAIN_DRAIN/Code/10_roi.Rmd","state_of_residence"
"D:/Users/martensn/BRAIN_DRAIN/Code/10_roi.Rmd","still_enrolled_200pct"
"D:/Users/martensn/BRAIN_DRAIN/Code/10_roi.Rmd","sum"
"D:/Users/martensn/BRAIN_DRAIN/Code/10_roi.Rmd","super_opeid"
"D:/Users/martensn/BRAIN_DRAIN/Code/10_roi.Rmd","total"
"D:/Users/martensn/BRAIN_DRAIN/Code/10_roi.Rmd","total_deg_awarded"
"D:/Users/martensn/BRAIN_DRAIN/Code/10_roi.Rmd","total_deg_awarded_opeid"
"D:/Users/martensn/BRAIN_DRAIN/Code/10_roi.Rmd","total_grads"
"D:/Users/martensn/BRAIN_DRAIN/Code/10_roi.Rmd","total_li_users"
"D:/Users/martensn/BRAIN_DRAIN/Code/10_roi.Rmd","total_us"
"D:/Users/martensn/BRAIN_DRAIN/Code/10_roi.Rmd","tuition_cohort_cost"
"D:/Users/martensn/BRAIN_DRAIN/Code/10_roi.Rmd","tuition_cost"
"D:/Users/martensn/BRAIN_DRAIN/Code/10_roi.Rmd","tuition_cost_less_nc"
"D:/Users/martensn/BRAIN_DRAIN/Code/10_roi.Rmd","tuition_cost_non_complete"
"D:/Users/martensn/BRAIN_DRAIN/Code/10_roi.Rmd","tuition_cost_per_grad"
"D:/Users/martensn/BRAIN_DRAIN/Code/10_roi.Rmd","tuition_shr"
"D:/Users/martensn/BRAIN_DRAIN/Code/10_roi.Rmd","type_of_freshman"
"D:/Users/martensn/BRAIN_DRAIN/Code/10_roi.Rmd","unified_cbsa"
"D:/Users/martensn/BRAIN_DRAIN/Code/10_roi.Rmd","unitid"
"D:/Users/martensn/BRAIN_DRAIN/Code/10_roi.Rmd","unitid_shr"
"D:/Users/martensn/BRAIN_DRAIN/Code/10_roi.Rmd","value"
"D:/Users/martensn/BRAIN_DRAIN/Code/10_roi.Rmd","year"
"D:/Users/martensn/BRAIN_DRAIN/Code/10_roi.Rmd","year_in_school"
"D:/Users/martensn/BRAIN_DRAIN/Code/10_roi.Rmd","yr_1"
"D:/Users/martensn/BRAIN_DRAIN/Code/10_roi.Rmd","yr_1_to_4_complete"
"D:/Users/martensn/BRAIN_DRAIN/Code/10_roi.Rmd","yr_2"
"D:/Users/martensn/BRAIN_DRAIN/Code/10_roi.Rmd","yr_3"
"D:/Users/martensn/BRAIN_DRAIN/Code/10_roi.Rmd","yr_4"
"D:/Users/martensn/BRAIN_DRAIN/Code/10_roi.Rmd","yr_4_to_6_complete"
"D:/Users/martensn/BRAIN_DRAIN/Code/10_roi.Rmd","yr_5"
"D:/Users/martensn/BRAIN_DRAIN/Code/10_roi.Rmd","yr_6"
"D:/Users/martensn/BRAIN_DRAIN/Code/10_roi.Rmd","yr_6_to_8_complete"
"D:/Users/martensn/BRAIN_DRAIN/Code/10_roi.Rmd","yr_7"
"D:/Users/martensn/BRAIN_DRAIN/Code/10_roi.Rmd","yr_8"
"D:/Users/martensn/BRAIN_DRAIN/Code/a_hs_col_construct.R","."
"D:/Users/martensn/BRAIN_DRAIN/Code/a_hs_col_construct.R",".row_id"
"D:/Users/martensn/BRAIN_DRAIN/Code/a_hs_col_construct.R","abbrev"
"D:/Users/martensn/BRAIN_DRAIN/Code/a_hs_col_construct.R","acad_year"
"D:/Users/martensn/BRAIN_DRAIN/Code/a_hs_col_construct.R","address"
"D:/Users/martensn/BRAIN_DRAIN/Code/a_hs_col_construct.R","adj_grads"
"D:/Users/martensn/BRAIN_DRAIN/Code/a_hs_col_construct.R","adj_w_unc"
"D:/Users/martensn/BRAIN_DRAIN/Code/a_hs_col_construct.R","alias_w"
"D:/Users/martensn/BRAIN_DRAIN/Code/a_hs_col_construct.R","alias_weight"
"D:/Users/martensn/BRAIN_DRAIN/Code/a_hs_col_construct.R","aliases"
"D:/Users/martensn/BRAIN_DRAIN/Code/a_hs_col_construct.R","avg_grad_class"
"D:/Users/martensn/BRAIN_DRAIN/Code/a_hs_col_construct.R","awards"
"D:/Users/martensn/BRAIN_DRAIN/Code/a_hs_col_construct.R","ay_end"
"D:/Users/martensn/BRAIN_DRAIN/Code/a_hs_col_construct.R","ay_start"
"D:/Users/martensn/BRAIN_DRAIN/Code/a_hs_col_construct.R","batch"
"D:/Users/martensn/BRAIN_DRAIN/Code/a_hs_col_construct.R","batch_id"
"D:/Users/martensn/BRAIN_DRAIN/Code/a_hs_col_construct.R","branch_opeid"
"D:/Users/martensn/BRAIN_DRAIN/Code/a_hs_col_construct.R","cipcode"
"D:/Users/martensn/BRAIN_DRAIN/Code/a_hs_col_construct.R","city"
"D:/Users/martensn/BRAIN_DRAIN/Code/a_hs_col_construct.R","city_location"
"D:/Users/martensn/BRAIN_DRAIN/Code/a_hs_col_construct.R","col_fips"
"D:/Users/martensn/BRAIN_DRAIN/Code/a_hs_col_construct.R","col_name"
"D:/Users/martensn/BRAIN_DRAIN/Code/a_hs_col_construct.R","col_state"
"D:/Users/martensn/BRAIN_DRAIN/Code/a_hs_col_construct.R","control"
"D:/Users/martensn/BRAIN_DRAIN/Code/a_hs_col_construct.R","county_fips"
"D:/Users/martensn/BRAIN_DRAIN/Code/a_hs_col_construct.R","county_fips_zcta"
"D:/Users/martensn/BRAIN_DRAIN/Code/a_hs_col_construct.R","county_latitude"
"D:/Users/martensn/BRAIN_DRAIN/Code/a_hs_col_construct.R","county_longitude"
"D:/Users/martensn/BRAIN_DRAIN/Code/a_hs_col_construct.R","COUNTYFP"
"D:/Users/martensn/BRAIN_DRAIN/Code/a_hs_col_construct.R","currently_active_ipeds"
"D:/Users/martensn/BRAIN_DRAIN/Code/a_hs_col_construct.R","deg_awarded"
"D:/Users/martensn/BRAIN_DRAIN/Code/a_hs_col_construct.R","deg_w"
"D:/Users/martensn/BRAIN_DRAIN/Code/a_hs_col_construct.R","donor_short"
"D:/Users/martensn/BRAIN_DRAIN/Code/a_hs_col_construct.R","end_year"
"D:/Users/martensn/BRAIN_DRAIN/Code/a_hs_col_construct.R","enrollment"
"D:/Users/martensn/BRAIN_DRAIN/Code/a_hs_col_construct.R","enrollment_fall"
"D:/Users/martensn/BRAIN_DRAIN/Code/a_hs_col_construct.R","fips_codes"
"D:/Users/martensn/BRAIN_DRAIN/Code/a_hs_col_construct.R","graduating_class"
"D:/Users/martensn/BRAIN_DRAIN/Code/a_hs_col_construct.R","hs_agency_id"
"D:/Users/martensn/BRAIN_DRAIN/Code/a_hs_col_construct.R","hs_agency_name"
"D:/Users/martensn/BRAIN_DRAIN/Code/a_hs_col_construct.R","hs_end"
"D:/Users/martensn/BRAIN_DRAIN/Code/a_hs_col_construct.R","hs_fips"
"D:/Users/martensn/BRAIN_DRAIN/Code/a_hs_col_construct.R","hs_id"
"D:/Users/martensn/BRAIN_DRAIN/Code/a_hs_col_construct.R","hs_name"
"D:/Users/martensn/BRAIN_DRAIN/Code/a_hs_col_construct.R","hs_name_clean"
"D:/Users/martensn/BRAIN_DRAIN/Code/a_hs_col_construct.R","hs_start"
"D:/Users/martensn/BRAIN_DRAIN/Code/a_hs_col_construct.R","hs_state"
"D:/Users/martensn/BRAIN_DRAIN/Code/a_hs_col_construct.R","in_state"
"D:/Users/martensn/BRAIN_DRAIN/Code/a_hs_col_construct.R","inst_alias"
"D:/Users/martensn/BRAIN_DRAIN/Code/a_hs_col_construct.R","inst_control"
"D:/Users/martensn/BRAIN_DRAIN/Code/a_hs_col_construct.R","inst_name"
"D:/Users/martensn/BRAIN_DRAIN/Code/a_hs_col_construct.R","inst_name_clean"
"D:/Users/martensn/BRAIN_DRAIN/Code/a_hs_col_construct.R","inst_system_flag"
"D:/Users/martensn/BRAIN_DRAIN/Code/a_hs_col_construct.R","inst_system_name"
"D:/Users/martensn/BRAIN_DRAIN/Code/a_hs_col_construct.R","is.na"
"D:/Users/martensn/BRAIN_DRAIN/Code/a_hs_col_construct.R","is_generic"
"D:/Users/martensn/BRAIN_DRAIN/Code/a_hs_col_construct.R","land_grant"
"D:/Users/martensn/BRAIN_DRAIN/Code/a_hs_col_construct.R","lat"
"D:/Users/martensn/BRAIN_DRAIN/Code/a_hs_col_construct.R","latitude"
"D:/Users/martensn/BRAIN_DRAIN/Code/a_hs_col_construct.R","lea_name"
"D:/Users/martensn/BRAIN_DRAIN/Code/a_hs_col_construct.R","leaid"
"D:/Users/martensn/BRAIN_DRAIN/Code/a_hs_col_construct.R","long"
"D:/Users/martensn/BRAIN_DRAIN/Code/a_hs_col_construct.R","longitude"
"D:/Users/martensn/BRAIN_DRAIN/Code/a_hs_col_construct.R","mass"
"D:/Users/martensn/BRAIN_DRAIN/Code/a_hs_col_construct.R","method"
"D:/Users/martensn/BRAIN_DRAIN/Code/a_hs_col_construct.R","n"
"D:/Users/martensn/BRAIN_DRAIN/Code/a_hs_col_construct.R","n_grads"
"D:/Users/martensn/BRAIN_DRAIN/Code/a_hs_col_construct.R","n_units"
"D:/Users/martensn/BRAIN_DRAIN/Code/a_hs_col_construct.R","ncessch"
"D:/Users/martensn/BRAIN_DRAIN/Code/a_hs_col_construct.R","opeid"
"D:/Users/martensn/BRAIN_DRAIN/Code/a_hs_col_construct.R","p"
"D:/Users/martensn/BRAIN_DRAIN/Code/a_hs_col_construct.R","p_sys"
"D:/Users/martensn/BRAIN_DRAIN/Code/a_hs_col_construct.R","parent_institution"
"D:/Users/martensn/BRAIN_DRAIN/Code/a_hs_col_construct.R","parent_university"
"D:/Users/martensn/BRAIN_DRAIN/Code/a_hs_col_construct.R","pattern"
"D:/Users/martensn/BRAIN_DRAIN/Code/a_hs_col_construct.R","patterns"
"D:/Users/martensn/BRAIN_DRAIN/Code/a_hs_col_construct.R","Private School Name"
"D:/Users/martensn/BRAIN_DRAIN/Code/a_hs_col_construct.R","res_w"
"D:/Users/martensn/BRAIN_DRAIN/Code/a_hs_col_construct.R","School ID - NCES Assigned [Private School] Latest available year"
"D:/Users/martensn/BRAIN_DRAIN/Code/a_hs_col_construct.R","school_name"
"D:/Users/martensn/BRAIN_DRAIN/Code/a_hs_col_construct.R","school_type"
"D:/Users/martensn/BRAIN_DRAIN/Code/a_hs_col_construct.R","sep"
"D:/Users/martensn/BRAIN_DRAIN/Code/a_hs_col_construct.R","shr_deg_awarded"
"D:/Users/martensn/BRAIN_DRAIN/Code/a_hs_col_construct.R","sim_deg"
"D:/Users/martensn/BRAIN_DRAIN/Code/a_hs_col_construct.R","sim_instate"
"D:/Users/martensn/BRAIN_DRAIN/Code/a_hs_col_construct.R","start_year"
"D:/Users/martensn/BRAIN_DRAIN/Code/a_hs_col_construct.R","state"
"D:/Users/martensn/BRAIN_DRAIN/Code/a_hs_col_construct.R","State Abbr [Private School] Latest available year"
"D:/Users/martensn/BRAIN_DRAIN/Code/a_hs_col_construct.R","State Name [Private School] Latest available year"
"D:/Users/martensn/BRAIN_DRAIN/Code/a_hs_col_construct.R","state.abb"
"D:/Users/martensn/BRAIN_DRAIN/Code/a_hs_col_construct.R","state_abbr"
"D:/Users/martensn/BRAIN_DRAIN/Code/a_hs_col_construct.R","state_code"
"D:/Users/martensn/BRAIN_DRAIN/Code/a_hs_col_construct.R","state_flow_imputation_flag"
"D:/Users/martensn/BRAIN_DRAIN/Code/a_hs_col_construct.R","state_location"
"D:/Users/martensn/BRAIN_DRAIN/Code/a_hs_col_construct.R","state_of_residence"
"D:/Users/martensn/BRAIN_DRAIN/Code/a_hs_col_construct.R","state_prob"
"D:/Users/martensn/BRAIN_DRAIN/Code/a_hs_col_construct.R","STATEFP"
"D:/Users/martensn/BRAIN_DRAIN/Code/a_hs_col_construct.R","street_location"
"D:/Users/martensn/BRAIN_DRAIN/Code/a_hs_col_construct.R","subcollege_name"
"D:/Users/martensn/BRAIN_DRAIN/Code/a_hs_col_construct.R","sys_abbrev"
"D:/Users/martensn/BRAIN_DRAIN/Code/a_hs_col_construct.R","system_indicator"
"D:/Users/martensn/BRAIN_DRAIN/Code/a_hs_col_construct.R","target_deg"
"D:/Users/martensn/BRAIN_DRAIN/Code/a_hs_col_construct.R","target_instate"
"D:/Users/martensn/BRAIN_DRAIN/Code/a_hs_col_construct.R","total_alumni"
"D:/Users/martensn/BRAIN_DRAIN/Code/a_hs_col_construct.R","unitid"
"D:/Users/martensn/BRAIN_DRAIN/Code/a_hs_col_construct.R","value"
"D:/Users/martensn/BRAIN_DRAIN/Code/a_hs_col_construct.R","variable"
"D:/Users/martensn/BRAIN_DRAIN/Code/a_hs_col_construct.R","virtual"
"D:/Users/martensn/BRAIN_DRAIN/Code/a_hs_col_construct.R","w"
"D:/Users/martensn/BRAIN_DRAIN/Code/a_hs_col_construct.R","weight"
"D:/Users/martensn/BRAIN_DRAIN/Code/a_hs_col_construct.R","year"
"D:/Users/martensn/BRAIN_DRAIN/Code/a_hs_col_construct.R","years_covered"
"D:/Users/martensn/BRAIN_DRAIN/Code/a_hs_col_construct.R","zcta_latitude"
"D:/Users/martensn/BRAIN_DRAIN/Code/a_hs_col_construct.R","zcta_longitude"
"D:/Users/martensn/BRAIN_DRAIN/Code/a_hs_col_construct.R","ZCTA5"
"D:/Users/martensn/BRAIN_DRAIN/Code/a_hs_col_construct.R","zip"
"D:/Users/martensn/BRAIN_DRAIN/Code/a_hs_col_construct.R","zip_location"
"D:/Users/martensn/BRAIN_DRAIN/Code/b_embedding_test.R","."
"D:/Users/martensn/BRAIN_DRAIN/Code/b_embedding_test.R",".GRP"
"D:/Users/martensn/BRAIN_DRAIN/Code/b_embedding_test.R",".N"
"D:/Users/martensn/BRAIN_DRAIN/Code/b_embedding_test.R","alias"
"D:/Users/martensn/BRAIN_DRAIN/Code/b_embedding_test.R","alias_weight"
"D:/Users/martensn/BRAIN_DRAIN/Code/b_embedding_test.R","ambiguous_name"
"D:/Users/martensn/BRAIN_DRAIN/Code/b_embedding_test.R","ambiguously_named"
"D:/Users/martensn/BRAIN_DRAIN/Code/b_embedding_test.R","classify_ed_string"
"D:/Users/martensn/BRAIN_DRAIN/Code/b_embedding_test.R","clean_name"
"D:/Users/martensn/BRAIN_DRAIN/Code/b_embedding_test.R","col_alias_id"
"D:/Users/martensn/BRAIN_DRAIN/Code/b_embedding_test.R","col_gt"
"D:/Users/martensn/BRAIN_DRAIN/Code/b_embedding_test.R","ed_type"
"D:/Users/martensn/BRAIN_DRAIN/Code/b_embedding_test.R","embedding"
"D:/Users/martensn/BRAIN_DRAIN/Code/b_embedding_test.R","FN"
"D:/Users/martensn/BRAIN_DRAIN/Code/b_embedding_test.R","FP"
"D:/Users/martensn/BRAIN_DRAIN/Code/b_embedding_test.R","gt_alias"
"D:/Users/martensn/BRAIN_DRAIN/Code/b_embedding_test.R","hs_alias_id"
"D:/Users/martensn/BRAIN_DRAIN/Code/b_embedding_test.R","hs_gt"
"D:/Users/martensn/BRAIN_DRAIN/Code/b_embedding_test.R","hs_id"
"D:/Users/martensn/BRAIN_DRAIN/Code/b_embedding_test.R","input"
"D:/Users/martensn/BRAIN_DRAIN/Code/b_embedding_test.R","match"
"D:/Users/martensn/BRAIN_DRAIN/Code/b_embedding_test.R","match_method"
"D:/Users/martensn/BRAIN_DRAIN/Code/b_embedding_test.R","n"
"D:/Users/martensn/BRAIN_DRAIN/Code/b_embedding_test.R","opeid"
"D:/Users/martensn/BRAIN_DRAIN/Code/b_embedding_test.R","outcome"
"D:/Users/martensn/BRAIN_DRAIN/Code/b_embedding_test.R","precision"
"D:/Users/martensn/BRAIN_DRAIN/Code/b_embedding_test.R","pred_alias"
"D:/Users/martensn/BRAIN_DRAIN/Code/b_embedding_test.R","pred_id"
"D:/Users/martensn/BRAIN_DRAIN/Code/b_embedding_test.R","pred_sim"
"D:/Users/martensn/BRAIN_DRAIN/Code/b_embedding_test.R","raw_row_id"
"D:/Users/martensn/BRAIN_DRAIN/Code/b_embedding_test.R","raw_string"
"D:/Users/martensn/BRAIN_DRAIN/Code/b_embedding_test.R","rbind"
"D:/Users/martensn/BRAIN_DRAIN/Code/b_embedding_test.R","recall"
"D:/Users/martensn/BRAIN_DRAIN/Code/b_embedding_test.R","similarity"
"D:/Users/martensn/BRAIN_DRAIN/Code/b_embedding_test.R","threshold"
"D:/Users/martensn/BRAIN_DRAIN/Code/b_embedding_test.R","threshold_grid"
"D:/Users/martensn/BRAIN_DRAIN/Code/b_embedding_test.R","TN"
"D:/Users/martensn/BRAIN_DRAIN/Code/b_embedding_test.R","tp"
"D:/Users/martensn/BRAIN_DRAIN/Code/b_embedding_test.R","TP"
"D:/Users/martensn/BRAIN_DRAIN/Code/b_embedding_test.R","true_id"
"D:/Users/martensn/BRAIN_DRAIN/Code/b_embedding_test.R","true_opeid"
"D:/Users/martensn/BRAIN_DRAIN/Code/b_embedding_test.R","true_unitid"
"D:/Users/martensn/BRAIN_DRAIN/Code/b_embedding_test.R","unitid"
"D:/Users/martensn/BRAIN_DRAIN/Code/b_embedding_test.R","university_name"
"D:/Users/martensn/BRAIN_DRAIN/Code/cohort.R","bkgrnd"
"D:/Users/martensn/BRAIN_DRAIN/Code/cohort.R","col_end"
"D:/Users/martensn/BRAIN_DRAIN/Code/cohort.R","directory"
"D:/Users/martensn/BRAIN_DRAIN/Code/cohort.R","dpi"
"D:/Users/martensn/BRAIN_DRAIN/Code/cohort.R","geography"
"D:/Users/martensn/BRAIN_DRAIN/Code/cohort.R","hei"
"D:/Users/martensn/BRAIN_DRAIN/Code/cohort.R","shr_return"
"D:/Users/martensn/BRAIN_DRAIN/Code/cohort.R","unit"
"D:/Users/martensn/BRAIN_DRAIN/Code/cohort.R","V1"
"D:/Users/martensn/BRAIN_DRAIN/Code/cohort.R","wid"
"D:/Users/martensn/BRAIN_DRAIN/Code/c_col_hs_classification.R","."
"D:/Users/martensn/BRAIN_DRAIN/Code/c_col_hs_classification.R",".GRP"
"D:/Users/martensn/BRAIN_DRAIN/Code/c_col_hs_classification.R",".N"
"D:/Users/martensn/BRAIN_DRAIN/Code/c_col_hs_classification.R","alias"
"D:/Users/martensn/BRAIN_DRAIN/Code/c_col_hs_classification.R","ambiguous_name"
"D:/Users/martensn/BRAIN_DRAIN/Code/c_col_hs_classification.R","clean_name"
"D:/Users/martensn/BRAIN_DRAIN/Code/c_col_hs_classification.R","col_alias_id"
"D:/Users/martensn/BRAIN_DRAIN/Code/c_col_hs_classification.R","ed_type"
"D:/Users/martensn/BRAIN_DRAIN/Code/c_col_hs_classification.R","embedding"
"D:/Users/martensn/BRAIN_DRAIN/Code/c_col_hs_classification.R","hs_alias_id"
"D:/Users/martensn/BRAIN_DRAIN/Code/c_col_hs_classification.R","hs_id"
"D:/Users/martensn/BRAIN_DRAIN/Code/c_col_hs_classification.R","method"
"D:/Users/martensn/BRAIN_DRAIN/Code/c_col_hs_classification.R","N"
"D:/Users/martensn/BRAIN_DRAIN/Code/c_col_hs_classification.R","opeid"
"D:/Users/martensn/BRAIN_DRAIN/Code/c_col_hs_classification.R","pred_sim"
"D:/Users/martensn/BRAIN_DRAIN/Code/c_col_hs_classification.R","raw_row_id"
"D:/Users/martensn/BRAIN_DRAIN/Code/c_col_hs_classification.R","raw_string"
"D:/Users/martensn/BRAIN_DRAIN/Code/c_col_hs_classification.R","rbind"
"D:/Users/martensn/BRAIN_DRAIN/Code/c_col_hs_classification.R","similarity"
"D:/Users/martensn/BRAIN_DRAIN/Code/c_col_hs_classification.R","true_unitid"
"D:/Users/martensn/BRAIN_DRAIN/Code/c_col_hs_classification.R","unitid"
"D:/Users/martensn/BRAIN_DRAIN/Code/c_col_hs_classification.R","university_country"
"D:/Users/martensn/BRAIN_DRAIN/Code/c_col_hs_classification.R","university_name"
"D:/Users/martensn/BRAIN_DRAIN/Code/c_col_hs_classification.R","world_rank"
"D:/Users/martensn/BRAIN_DRAIN/Code/demo.R",".N"
"D:/Users/martensn/BRAIN_DRAIN/Code/demo.R","alias"
"D:/Users/martensn/BRAIN_DRAIN/Code/demo.R","ambiguous_name"
"D:/Users/martensn/BRAIN_DRAIN/Code/demo.R","clean_name"
"D:/Users/martensn/BRAIN_DRAIN/Code/demo.R","degree"
"D:/Users/martensn/BRAIN_DRAIN/Code/demo.R","ed_type"
"D:/Users/martensn/BRAIN_DRAIN/Code/demo.R","hs_id"
"D:/Users/martensn/BRAIN_DRAIN/Code/demo.R","method"
"D:/Users/martensn/BRAIN_DRAIN/Code/demo.R","N"
"D:/Users/martensn/BRAIN_DRAIN/Code/demo.R","opeid"
"D:/Users/martensn/BRAIN_DRAIN/Code/demo.R","raw_string"
"D:/Users/martensn/BRAIN_DRAIN/Code/demo.R","rsid"
"D:/Users/martensn/BRAIN_DRAIN/Code/demo.R","system_indicator"
"D:/Users/martensn/BRAIN_DRAIN/Code/demo.R","unitid"
"D:/Users/martensn/BRAIN_DRAIN/Code/demo.R","university_country"
"D:/Users/martensn/BRAIN_DRAIN/Code/demo.R","university_location"
"D:/Users/martensn/BRAIN_DRAIN/Code/demo.R","university_name"
"D:/Users/martensn/BRAIN_DRAIN/Code/d_sample_construction.R",".N"
"D:/Users/martensn/BRAIN_DRAIN/Code/d_sample_construction.R",".SD"
"D:/Users/martensn/BRAIN_DRAIN/Code/d_sample_construction.R","ambiguous_name"
"D:/Users/martensn/BRAIN_DRAIN/Code/d_sample_construction.R","col_ambiguous_name"
"D:/Users/martensn/BRAIN_DRAIN/Code/d_sample_construction.R","col_enddate"
"D:/Users/martensn/BRAIN_DRAIN/Code/d_sample_construction.R","col_method"
"D:/Users/martensn/BRAIN_DRAIN/Code/d_sample_construction.R","col_name"
"D:/Users/martensn/BRAIN_DRAIN/Code/d_sample_construction.R","col_startdate"
"D:/Users/martensn/BRAIN_DRAIN/Code/d_sample_construction.R","coverage"
"D:/Users/martensn/BRAIN_DRAIN/Code/d_sample_construction.R","deg_awarded"
"D:/Users/martensn/BRAIN_DRAIN/Code/d_sample_construction.R","degree"
"D:/Users/martensn/BRAIN_DRAIN/Code/d_sample_construction.R","ed_type"
"D:/Users/martensn/BRAIN_DRAIN/Code/d_sample_construction.R","educ_enddate"
"D:/Users/martensn/BRAIN_DRAIN/Code/d_sample_construction.R","educ_startdate"
"D:/Users/martensn/BRAIN_DRAIN/Code/d_sample_construction.R","has_col"
"D:/Users/martensn/BRAIN_DRAIN/Code/d_sample_construction.R","has_hs"
"D:/Users/martensn/BRAIN_DRAIN/Code/d_sample_construction.R","hs_ambiguous_name"
"D:/Users/martensn/BRAIN_DRAIN/Code/d_sample_construction.R","hs_enddate"
"D:/Users/martensn/BRAIN_DRAIN/Code/d_sample_construction.R","hs_id"
"D:/Users/martensn/BRAIN_DRAIN/Code/d_sample_construction.R","hs_method"
"D:/Users/martensn/BRAIN_DRAIN/Code/d_sample_construction.R","hs_name"
"D:/Users/martensn/BRAIN_DRAIN/Code/d_sample_construction.R","hs_startdate"
"D:/Users/martensn/BRAIN_DRAIN/Code/d_sample_construction.R","imp_n"
"D:/Users/martensn/BRAIN_DRAIN/Code/d_sample_construction.R","method"
"D:/Users/martensn/BRAIN_DRAIN/Code/d_sample_construction.R","N"
"D:/Users/martensn/BRAIN_DRAIN/Code/d_sample_construction.R","opeid"
"D:/Users/martensn/BRAIN_DRAIN/Code/d_sample_construction.R","parent_institution"
"D:/Users/martensn/BRAIN_DRAIN/Code/d_sample_construction.R","parent_university"
"D:/Users/martensn/BRAIN_DRAIN/Code/d_sample_construction.R","sys_deg_awarded"
"D:/Users/martensn/BRAIN_DRAIN/Code/d_sample_construction.R","system_indicator"
"D:/Users/martensn/BRAIN_DRAIN/Code/d_sample_construction.R","system_n"
"D:/Users/martensn/BRAIN_DRAIN/Code/d_sample_construction.R","unitid"
"D:/Users/martensn/BRAIN_DRAIN/Code/d_sample_construction.R","university_country"
"D:/Users/martensn/BRAIN_DRAIN/Code/d_sample_construction.R","university_name"
"D:/Users/martensn/BRAIN_DRAIN/Code/d_sample_construction.R","user_id"
"D:/Users/martensn/BRAIN_DRAIN/Code/d_sample_construction.R","world_rank"
"D:/Users/martensn/BRAIN_DRAIN/Code/e_detect_mismatches.R",".N"
"D:/Users/martensn/BRAIN_DRAIN/Code/e_detect_mismatches.R",".SD"
"D:/Users/martensn/BRAIN_DRAIN/Code/e_detect_mismatches.R","ambiguous_name"
"D:/Users/martensn/BRAIN_DRAIN/Code/e_detect_mismatches.R","cbsa_code"
"D:/Users/martensn/BRAIN_DRAIN/Code/e_detect_mismatches.R","cbsa_name"
"D:/Users/martensn/BRAIN_DRAIN/Code/e_detect_mismatches.R","col_ambiguous_name"
"D:/Users/martensn/BRAIN_DRAIN/Code/e_detect_mismatches.R","col_enddate"
"D:/Users/martensn/BRAIN_DRAIN/Code/e_detect_mismatches.R","col_method"
"D:/Users/martensn/BRAIN_DRAIN/Code/e_detect_mismatches.R","col_name"
"D:/Users/martensn/BRAIN_DRAIN/Code/e_detect_mismatches.R","col_startdate"
"D:/Users/martensn/BRAIN_DRAIN/Code/e_detect_mismatches.R","degree"
"D:/Users/martensn/BRAIN_DRAIN/Code/e_detect_mismatches.R","ed_type"
"D:/Users/martensn/BRAIN_DRAIN/Code/e_detect_mismatches.R","educ_enddate"
"D:/Users/martensn/BRAIN_DRAIN/Code/e_detect_mismatches.R","educ_startdate"
"D:/Users/martensn/BRAIN_DRAIN/Code/e_detect_mismatches.R","has_col"
"D:/Users/martensn/BRAIN_DRAIN/Code/e_detect_mismatches.R","has_hs"
"D:/Users/martensn/BRAIN_DRAIN/Code/e_detect_mismatches.R","hs_ambiguous_name"
"D:/Users/martensn/BRAIN_DRAIN/Code/e_detect_mismatches.R","hs_enddate"
"D:/Users/martensn/BRAIN_DRAIN/Code/e_detect_mismatches.R","hs_id"
"D:/Users/martensn/BRAIN_DRAIN/Code/e_detect_mismatches.R","hs_method"
"D:/Users/martensn/BRAIN_DRAIN/Code/e_detect_mismatches.R","hs_name"
"D:/Users/martensn/BRAIN_DRAIN/Code/e_detect_mismatches.R","hs_startdate"
"D:/Users/martensn/BRAIN_DRAIN/Code/e_detect_mismatches.R","method"
"D:/Users/martensn/BRAIN_DRAIN/Code/e_detect_mismatches.R","N"
"D:/Users/martensn/BRAIN_DRAIN/Code/e_detect_mismatches.R","opeid"
"D:/Users/martensn/BRAIN_DRAIN/Code/e_detect_mismatches.R","parent_institution"
"D:/Users/martensn/BRAIN_DRAIN/Code/e_detect_mismatches.R","shr"
"D:/Users/martensn/BRAIN_DRAIN/Code/e_detect_mismatches.R","state_abbr"
"D:/Users/martensn/BRAIN_DRAIN/Code/e_detect_mismatches.R","system_indicator"
"D:/Users/martensn/BRAIN_DRAIN/Code/e_detect_mismatches.R","unified_cbsa_name"
"D:/Users/martensn/BRAIN_DRAIN/Code/e_detect_mismatches.R","unitid"
"D:/Users/martensn/BRAIN_DRAIN/Code/e_detect_mismatches.R","university_country"
"D:/Users/martensn/BRAIN_DRAIN/Code/e_detect_mismatches.R","university_name"
"D:/Users/martensn/BRAIN_DRAIN/Code/e_detect_mismatches.R","user_id"
"D:/Users/martensn/BRAIN_DRAIN/Code/e_detect_mismatches.R","world_rank"
"D:/Users/martensn/BRAIN_DRAIN/Code/e_scrape.R","alias"
"D:/Users/martensn/BRAIN_DRAIN/Code/e_scrape.R","col_alias"
"D:/Users/martensn/BRAIN_DRAIN/Code/e_scrape.R","directory"
"D:/Users/martensn/BRAIN_DRAIN/Code/e_scrape.R","opeid"
"D:/Users/martensn/BRAIN_DRAIN/Code/e_scrape.R","subcollege_name"
"D:/Users/martensn/BRAIN_DRAIN/Code/e_scrape.R","system_indicator"
"D:/Users/martensn/BRAIN_DRAIN/Code/e_scrape.R","unitid"
"D:/Users/martensn/BRAIN_DRAIN/Code/intercensal.R","."
"D:/Users/martensn/BRAIN_DRAIN/Code/intercensal.R","AGEGROUP"
"D:/Users/martensn/BRAIN_DRAIN/Code/intercensal.R","as.double"
"D:/Users/martensn/BRAIN_DRAIN/Code/intercensal.R","cbsa_actual"
"D:/Users/martensn/BRAIN_DRAIN/Code/intercensal.R","cbsa_code"
"D:/Users/martensn/BRAIN_DRAIN/Code/intercensal.R","COUNTY"
"D:/Users/martensn/BRAIN_DRAIN/Code/intercensal.R","Dataset"
"D:/Users/martensn/BRAIN_DRAIN/Code/intercensal.R","DATE"
"D:/Users/martensn/BRAIN_DRAIN/Code/intercensal.R","DATE_"
"D:/Users/martensn/BRAIN_DRAIN/Code/intercensal.R","directory"
"D:/Users/martensn/BRAIN_DRAIN/Code/intercensal.R","GEOID"
"D:/Users/martensn/BRAIN_DRAIN/Code/intercensal.R","labor_force"
"D:/Users/martensn/BRAIN_DRAIN/Code/intercensal.R","pop"
"D:/Users/martensn/BRAIN_DRAIN/Code/intercensal.R","POP"
"D:/Users/martensn/BRAIN_DRAIN/Code/intercensal.R","s ID"
"D:/Users/martensn/BRAIN_DRAIN/Code/intercensal.R","STATE"
"D:/Users/martensn/BRAIN_DRAIN/Code/intercensal.R","unified_cbsa"
"D:/Users/martensn/BRAIN_DRAIN/Code/intercensal.R","value"
"D:/Users/martensn/BRAIN_DRAIN/Code/intercensal.R","year"
"D:/Users/martensn/BRAIN_DRAIN/Code/measure_return.R","!="
"D:/Users/martensn/BRAIN_DRAIN/Code/measure_return.R",".SD"
"D:/Users/martensn/BRAIN_DRAIN/Code/measure_return.R","|"
"D:/Users/martensn/BRAIN_DRAIN/Code/measure_return.R","=="
"D:/Users/martensn/BRAIN_DRAIN/Code/yagan.R",".data"
"D:/Users/martensn/BRAIN_DRAIN/Code/yagan.R","bin"
"D:/Users/martensn/BRAIN_DRAIN/Code/yagan.R","bin_mean"
"D:/Users/martensn/BRAIN_DRAIN/Code/yagan.R","bkgrnd"
"D:/Users/martensn/BRAIN_DRAIN/Code/yagan.R","cbsa"
"D:/Users/martensn/BRAIN_DRAIN/Code/yagan.R","cbsa_code"
"D:/Users/martensn/BRAIN_DRAIN/Code/yagan.R","coefficients"
"D:/Users/martensn/BRAIN_DRAIN/Code/yagan.R","col_end"
"D:/Users/martensn/BRAIN_DRAIN/Code/yagan.R","data"
"D:/Users/martensn/BRAIN_DRAIN/Code/yagan.R","dest_bin_mean"
"D:/Users/martensn/BRAIN_DRAIN/Code/yagan.R","dest_emp_rate"
"D:/Users/martensn/BRAIN_DRAIN/Code/yagan.R","dpi"
"D:/Users/martensn/BRAIN_DRAIN/Code/yagan.R","emp_rate"
"D:/Users/martensn/BRAIN_DRAIN/Code/yagan.R","emp_rate_end"
"D:/Users/martensn/BRAIN_DRAIN/Code/yagan.R","hei"
"D:/Users/martensn/BRAIN_DRAIN/Code/yagan.R","identity"
"D:/Users/martensn/BRAIN_DRAIN/Code/yagan.R","intercept"
"D:/Users/martensn/BRAIN_DRAIN/Code/yagan.R","model"
"D:/Users/martensn/BRAIN_DRAIN/Code/yagan.R","orig_bin"
"D:/Users/martensn/BRAIN_DRAIN/Code/yagan.R","orig_bin_mean"
"D:/Users/martensn/BRAIN_DRAIN/Code/yagan.R","pop"
"D:/Users/martensn/BRAIN_DRAIN/Code/yagan.R","r_sq"
"D:/Users/martensn/BRAIN_DRAIN/Code/yagan.R","regression"
"D:/Users/martensn/BRAIN_DRAIN/Code/yagan.R","slope"
"D:/Users/martensn/BRAIN_DRAIN/Code/yagan.R","std_err"
"D:/Users/martensn/BRAIN_DRAIN/Code/yagan.R","summary"
"D:/Users/martensn/BRAIN_DRAIN/Code/yagan.R","type"
"D:/Users/martensn/BRAIN_DRAIN/Code/yagan.R","unit"
"D:/Users/martensn/BRAIN_DRAIN/Code/yagan.R","wid"
"D:/Users/martensn/BRAIN_DRAIN/Code/yagan.R","year"
"D:/Users/martensn/BRAIN_DRAIN/Code/yagan.R","years_since_grad"
"D:/Users/martensn/BRAIN_DRAIN/Code/yagan.R","yrs_grad_end"
"D:/Users/martensn/BRAIN_DRAIN/Code/yagan.R","yrs_grad_start"
"D:/Users/martensn/BRAIN_DRAIN/Code/new/00_alias_generation.R",".row_id"
"D:/Users/martensn/BRAIN_DRAIN/Code/new/00_alias_generation.R","abbrev"
"D:/Users/martensn/BRAIN_DRAIN/Code/new/00_alias_generation.R","acad_year"
"D:/Users/martensn/BRAIN_DRAIN/Code/new/00_alias_generation.R","address"
"D:/Users/martensn/BRAIN_DRAIN/Code/new/00_alias_generation.R","alias_w"
"D:/Users/martensn/BRAIN_DRAIN/Code/new/00_alias_generation.R","alias_weight"
"D:/Users/martensn/BRAIN_DRAIN/Code/new/00_alias_generation.R","aliases"
"D:/Users/martensn/BRAIN_DRAIN/Code/new/00_alias_generation.R","avg_grad_class"
"D:/Users/martensn/BRAIN_DRAIN/Code/new/00_alias_generation.R","award_level"
"D:/Users/martensn/BRAIN_DRAIN/Code/new/00_alias_generation.R","awards"
"D:/Users/martensn/BRAIN_DRAIN/Code/new/00_alias_generation.R","ay_end"
"D:/Users/martensn/BRAIN_DRAIN/Code/new/00_alias_generation.R","ay_start"
"D:/Users/martensn/BRAIN_DRAIN/Code/new/00_alias_generation.R","batch"
"D:/Users/martensn/BRAIN_DRAIN/Code/new/00_alias_generation.R","batch_id"
"D:/Users/martensn/BRAIN_DRAIN/Code/new/00_alias_generation.R","branch_opeid"
"D:/Users/martensn/BRAIN_DRAIN/Code/new/00_alias_generation.R","cipcode"
"D:/Users/martensn/BRAIN_DRAIN/Code/new/00_alias_generation.R","city"
"D:/Users/martensn/BRAIN_DRAIN/Code/new/00_alias_generation.R","city_location"
"D:/Users/martensn/BRAIN_DRAIN/Code/new/00_alias_generation.R","col_fips"
"D:/Users/martensn/BRAIN_DRAIN/Code/new/00_alias_generation.R","col_state"
"D:/Users/martensn/BRAIN_DRAIN/Code/new/00_alias_generation.R","control"
"D:/Users/martensn/BRAIN_DRAIN/Code/new/00_alias_generation.R","county_fips"
"D:/Users/martensn/BRAIN_DRAIN/Code/new/00_alias_generation.R","county_fips_zcta"
"D:/Users/martensn/BRAIN_DRAIN/Code/new/00_alias_generation.R","county_latitude"
"D:/Users/martensn/BRAIN_DRAIN/Code/new/00_alias_generation.R","county_longitude"
"D:/Users/martensn/BRAIN_DRAIN/Code/new/00_alias_generation.R","COUNTYFP"
"D:/Users/martensn/BRAIN_DRAIN/Code/new/00_alias_generation.R","currently_active_ipeds"
"D:/Users/martensn/BRAIN_DRAIN/Code/new/00_alias_generation.R","data_dir"
"D:/Users/martensn/BRAIN_DRAIN/Code/new/00_alias_generation.R","deg_awarded"
"D:/Users/martensn/BRAIN_DRAIN/Code/new/00_alias_generation.R","degree"
"D:/Users/martensn/BRAIN_DRAIN/Code/new/00_alias_generation.R","donor_short"
"D:/Users/martensn/BRAIN_DRAIN/Code/new/00_alias_generation.R","end_year"
"D:/Users/martensn/BRAIN_DRAIN/Code/new/00_alias_generation.R","enrollment"
"D:/Users/martensn/BRAIN_DRAIN/Code/new/00_alias_generation.R","fips_codes"
"D:/Users/martensn/BRAIN_DRAIN/Code/new/00_alias_generation.R","geocode_method"
"D:/Users/martensn/BRAIN_DRAIN/Code/new/00_alias_generation.R","graduating_class"
"D:/Users/martensn/BRAIN_DRAIN/Code/new/00_alias_generation.R","hs_agency_id"
"D:/Users/martensn/BRAIN_DRAIN/Code/new/00_alias_generation.R","hs_agency_name"
"D:/Users/martensn/BRAIN_DRAIN/Code/new/00_alias_generation.R","hs_end"
"D:/Users/martensn/BRAIN_DRAIN/Code/new/00_alias_generation.R","hs_fips"
"D:/Users/martensn/BRAIN_DRAIN/Code/new/00_alias_generation.R","hs_id"
"D:/Users/martensn/BRAIN_DRAIN/Code/new/00_alias_generation.R","hs_name"
"D:/Users/martensn/BRAIN_DRAIN/Code/new/00_alias_generation.R","hs_name_clean"
"D:/Users/martensn/BRAIN_DRAIN/Code/new/00_alias_generation.R","hs_start"
"D:/Users/martensn/BRAIN_DRAIN/Code/new/00_alias_generation.R","hs_state"
"D:/Users/martensn/BRAIN_DRAIN/Code/new/00_alias_generation.R","inst_alias"
"D:/Users/martensn/BRAIN_DRAIN/Code/new/00_alias_generation.R","inst_control"
"D:/Users/martensn/BRAIN_DRAIN/Code/new/00_alias_generation.R","inst_name"
"D:/Users/martensn/BRAIN_DRAIN/Code/new/00_alias_generation.R","inst_name_clean"
"D:/Users/martensn/BRAIN_DRAIN/Code/new/00_alias_generation.R","inst_system_flag"
"D:/Users/martensn/BRAIN_DRAIN/Code/new/00_alias_generation.R","inst_system_name"
"D:/Users/martensn/BRAIN_DRAIN/Code/new/00_alias_generation.R","is.na"
"D:/Users/martensn/BRAIN_DRAIN/Code/new/00_alias_generation.R","is_generic"
"D:/Users/martensn/BRAIN_DRAIN/Code/new/00_alias_generation.R","land_grant"
"D:/Users/martensn/BRAIN_DRAIN/Code/new/00_alias_generation.R","lat"
"D:/Users/martensn/BRAIN_DRAIN/Code/new/00_alias_generation.R","latitude"
"D:/Users/martensn/BRAIN_DRAIN/Code/new/00_alias_generation.R","lea_name"
"D:/Users/martensn/BRAIN_DRAIN/Code/new/00_alias_generation.R","leaid"
"D:/Users/martensn/BRAIN_DRAIN/Code/new/00_alias_generation.R","long"
"D:/Users/martensn/BRAIN_DRAIN/Code/new/00_alias_generation.R","longitude"
"D:/Users/martensn/BRAIN_DRAIN/Code/new/00_alias_generation.R","lt_ba"
"D:/Users/martensn/BRAIN_DRAIN/Code/new/00_alias_generation.R","lt_ba_2000"
"D:/Users/martensn/BRAIN_DRAIN/Code/new/00_alias_generation.R","lt_ba_2010"
"D:/Users/martensn/BRAIN_DRAIN/Code/new/00_alias_generation.R","lt_ba_2020"
"D:/Users/martensn/BRAIN_DRAIN/Code/new/00_alias_generation.R","method"
"D:/Users/martensn/BRAIN_DRAIN/Code/new/00_alias_generation.R","n"
"D:/Users/martensn/BRAIN_DRAIN/Code/new/00_alias_generation.R","n_grads"
"D:/Users/martensn/BRAIN_DRAIN/Code/new/00_alias_generation.R","n_units"
"D:/Users/martensn/BRAIN_DRAIN/Code/new/00_alias_generation.R","ncessch"
"D:/Users/martensn/BRAIN_DRAIN/Code/new/00_alias_generation.R","offering_highest_degree"
"D:/Users/martensn/BRAIN_DRAIN/Code/new/00_alias_generation.R","offering_highest_level"
"D:/Users/martensn/BRAIN_DRAIN/Code/new/00_alias_generation.R","opeid"
"D:/Users/martensn/BRAIN_DRAIN/Code/new/00_alias_generation.R","parent_institution"
"D:/Users/martensn/BRAIN_DRAIN/Code/new/00_alias_generation.R","parent_university"
"D:/Users/martensn/BRAIN_DRAIN/Code/new/00_alias_generation.R","pattern"
"D:/Users/martensn/BRAIN_DRAIN/Code/new/00_alias_generation.R","patterns"
"D:/Users/martensn/BRAIN_DRAIN/Code/new/00_alias_generation.R","Private School Name"
"D:/Users/martensn/BRAIN_DRAIN/Code/new/00_alias_generation.R","race"
"D:/Users/martensn/BRAIN_DRAIN/Code/new/00_alias_generation.R","School ID - NCES Assigned [Private School] Latest available year"
"D:/Users/martensn/BRAIN_DRAIN/Code/new/00_alias_generation.R","school_name"
"D:/Users/martensn/BRAIN_DRAIN/Code/new/00_alias_generation.R","school_type"
"D:/Users/martensn/BRAIN_DRAIN/Code/new/00_alias_generation.R","sep"
"D:/Users/martensn/BRAIN_DRAIN/Code/new/00_alias_generation.R","sex"
"D:/Users/martensn/BRAIN_DRAIN/Code/new/00_alias_generation.R","shr_deg_awarded"
"D:/Users/martensn/BRAIN_DRAIN/Code/new/00_alias_generation.R","start_year"
"D:/Users/martensn/BRAIN_DRAIN/Code/new/00_alias_generation.R","state"
"D:/Users/martensn/BRAIN_DRAIN/Code/new/00_alias_generation.R","State Abbr [Private School] Latest available year"
"D:/Users/martensn/BRAIN_DRAIN/Code/new/00_alias_generation.R","State Name [Private School] Latest available year"
"D:/Users/martensn/BRAIN_DRAIN/Code/new/00_alias_generation.R","state.abb"
"D:/Users/martensn/BRAIN_DRAIN/Code/new/00_alias_generation.R","state_abbr"
"D:/Users/martensn/BRAIN_DRAIN/Code/new/00_alias_generation.R","state_code"
"D:/Users/martensn/BRAIN_DRAIN/Code/new/00_alias_generation.R","state_location"
"D:/Users/martensn/BRAIN_DRAIN/Code/new/00_alias_generation.R","STATEFP"
"D:/Users/martensn/BRAIN_DRAIN/Code/new/00_alias_generation.R","street_location"
"D:/Users/martensn/BRAIN_DRAIN/Code/new/00_alias_generation.R","subcollege_name"
"D:/Users/martensn/BRAIN_DRAIN/Code/new/00_alias_generation.R","sys_abbrev"
"D:/Users/martensn/BRAIN_DRAIN/Code/new/00_alias_generation.R","system_indicator"
"D:/Users/martensn/BRAIN_DRAIN/Code/new/00_alias_generation.R","total_alumni"
"D:/Users/martensn/BRAIN_DRAIN/Code/new/00_alias_generation.R","unitid"
"D:/Users/martensn/BRAIN_DRAIN/Code/new/00_alias_generation.R","value"
"D:/Users/martensn/BRAIN_DRAIN/Code/new/00_alias_generation.R","variable"
"D:/Users/martensn/BRAIN_DRAIN/Code/new/00_alias_generation.R","virtual"
"D:/Users/martensn/BRAIN_DRAIN/Code/new/00_alias_generation.R","weight"
"D:/Users/martensn/BRAIN_DRAIN/Code/new/00_alias_generation.R","year"
"D:/Users/martensn/BRAIN_DRAIN/Code/new/00_alias_generation.R","years_covered"
"D:/Users/martensn/BRAIN_DRAIN/Code/new/00_alias_generation.R","zcta_latitude"
"D:/Users/martensn/BRAIN_DRAIN/Code/new/00_alias_generation.R","zcta_longitude"
"D:/Users/martensn/BRAIN_DRAIN/Code/new/00_alias_generation.R","ZCTA5"
"D:/Users/martensn/BRAIN_DRAIN/Code/new/00_alias_generation.R","zip"
"D:/Users/martensn/BRAIN_DRAIN/Code/new/00_alias_generation.R","zip_location"
"D:/Users/martensn/BRAIN_DRAIN/Code/new/01_col_hs_crosswalk.R",".N"
"D:/Users/martensn/BRAIN_DRAIN/Code/new/01_col_hs_crosswalk.R","alias"
"D:/Users/martensn/BRAIN_DRAIN/Code/new/01_col_hs_crosswalk.R","ambiguous_name"
"D:/Users/martensn/BRAIN_DRAIN/Code/new/01_col_hs_crosswalk.R","clean_name"
"D:/Users/martensn/BRAIN_DRAIN/Code/new/01_col_hs_crosswalk.R","degree"
"D:/Users/martensn/BRAIN_DRAIN/Code/new/01_col_hs_crosswalk.R","ed_type"
"D:/Users/martensn/BRAIN_DRAIN/Code/new/01_col_hs_crosswalk.R","hs_id"
"D:/Users/martensn/BRAIN_DRAIN/Code/new/01_col_hs_crosswalk.R","method"
"D:/Users/martensn/BRAIN_DRAIN/Code/new/01_col_hs_crosswalk.R","N"
"D:/Users/martensn/BRAIN_DRAIN/Code/new/01_col_hs_crosswalk.R","opeid"
"D:/Users/martensn/BRAIN_DRAIN/Code/new/01_col_hs_crosswalk.R","raw_string"
"D:/Users/martensn/BRAIN_DRAIN/Code/new/01_col_hs_crosswalk.R","rsid"
"D:/Users/martensn/BRAIN_DRAIN/Code/new/01_col_hs_crosswalk.R","system_indicator"
"D:/Users/martensn/BRAIN_DRAIN/Code/new/01_col_hs_crosswalk.R","unitid"
"D:/Users/martensn/BRAIN_DRAIN/Code/new/01_col_hs_crosswalk.R","university_country"
"D:/Users/martensn/BRAIN_DRAIN/Code/new/01_col_hs_crosswalk.R","university_location"
"D:/Users/martensn/BRAIN_DRAIN/Code/new/01_col_hs_crosswalk.R","university_name"
"D:/Users/martensn/BRAIN_DRAIN/Code/new/02_embed.R","."
"D:/Users/martensn/BRAIN_DRAIN/Code/new/02_embed.R","alias"
"D:/Users/martensn/BRAIN_DRAIN/Code/new/02_embed.R","clean_name"
"D:/Users/martensn/BRAIN_DRAIN/Code/new/02_embed.R","embedding"
"D:/Users/martensn/BRAIN_DRAIN/Code/new/02_embed.R","fips_codes"
"D:/Users/martensn/BRAIN_DRAIN/Code/new/02_embed.R","hs_id"
"D:/Users/martensn/BRAIN_DRAIN/Code/new/02_embed.R","opeid"
"D:/Users/martensn/BRAIN_DRAIN/Code/new/02_embed.R","raw_row_id"
"D:/Users/martensn/BRAIN_DRAIN/Code/new/02_embed.R","raw_string"
"D:/Users/martensn/BRAIN_DRAIN/Code/new/02_embed.R","rbind"
"D:/Users/martensn/BRAIN_DRAIN/Code/new/02_embed.R","similarity"
"D:/Users/martensn/BRAIN_DRAIN/Code/new/02_embed.R","state"
"D:/Users/martensn/BRAIN_DRAIN/Code/new/02_embed.R","state_code"
"D:/Users/martensn/BRAIN_DRAIN/Code/new/02_embed.R","unitid"
"D:/Users/martensn/BRAIN_DRAIN/Code/new/02_embed_new.R","."
"D:/Users/martensn/BRAIN_DRAIN/Code/new/02_embed_new.R",".GRP"
"D:/Users/martensn/BRAIN_DRAIN/Code/new/02_embed_new.R","alias"
"D:/Users/martensn/BRAIN_DRAIN/Code/new/02_embed_new.R","ambiguous_name"
"D:/Users/martensn/BRAIN_DRAIN/Code/new/02_embed_new.R","associate"
"D:/Users/martensn/BRAIN_DRAIN/Code/new/02_embed_new.R","bachelor"
"D:/Users/martensn/BRAIN_DRAIN/Code/new/02_embed_new.R","clean_name"
"D:/Users/martensn/BRAIN_DRAIN/Code/new/02_embed_new.R","col_alias_id"
"D:/Users/martensn/BRAIN_DRAIN/Code/new/02_embed_new.R","degree"
"D:/Users/martensn/BRAIN_DRAIN/Code/new/02_embed_new.R","ed_type"
"D:/Users/martensn/BRAIN_DRAIN/Code/new/02_embed_new.R","embedding"
"D:/Users/martensn/BRAIN_DRAIN/Code/new/02_embed_new.R","high school"
"D:/Users/martensn/BRAIN_DRAIN/Code/new/02_embed_new.R","hs_alias_id"
"D:/Users/martensn/BRAIN_DRAIN/Code/new/02_embed_new.R","hs_id"
"D:/Users/martensn/BRAIN_DRAIN/Code/new/02_embed_new.R","i.ambiguous_name"
"D:/Users/martensn/BRAIN_DRAIN/Code/new/02_embed_new.R","inst_name"
"D:/Users/martensn/BRAIN_DRAIN/Code/new/02_embed_new.R","N"
"D:/Users/martensn/BRAIN_DRAIN/Code/new/02_embed_new.R","opeid"
"D:/Users/martensn/BRAIN_DRAIN/Code/new/02_embed_new.R","parent_institution"
"D:/Users/martensn/BRAIN_DRAIN/Code/new/02_embed_new.R","pred_sim"
"D:/Users/martensn/BRAIN_DRAIN/Code/new/02_embed_new.R","raw_row_id"
"D:/Users/martensn/BRAIN_DRAIN/Code/new/02_embed_new.R","raw_string"
"D:/Users/martensn/BRAIN_DRAIN/Code/new/02_embed_new.R","rbind"
"D:/Users/martensn/BRAIN_DRAIN/Code/new/02_embed_new.R","rsid"
"D:/Users/martensn/BRAIN_DRAIN/Code/new/02_embed_new.R","shr_deg"
"D:/Users/martensn/BRAIN_DRAIN/Code/new/02_embed_new.R","similarity"
"D:/Users/martensn/BRAIN_DRAIN/Code/new/02_embed_new.R","string_method"
"D:/Users/martensn/BRAIN_DRAIN/Code/new/02_embed_new.R","system_indicator"
"D:/Users/martensn/BRAIN_DRAIN/Code/new/02_embed_new.R","total"
"D:/Users/martensn/BRAIN_DRAIN/Code/new/02_embed_new.R","true_unitid"
"D:/Users/martensn/BRAIN_DRAIN/Code/new/02_embed_new.R","unitid"
"D:/Users/martensn/BRAIN_DRAIN/Code/new/02_embed_new.R","university_country"
"D:/Users/martensn/BRAIN_DRAIN/Code/new/02_embed_new.R","university_name"
"D:/Users/martensn/BRAIN_DRAIN/Code/new/03_crosswalk_val.R","ambiguous_name"
"D:/Users/martensn/BRAIN_DRAIN/Code/new/03_crosswalk_val.R","city"
"D:/Users/martensn/BRAIN_DRAIN/Code/new/03_crosswalk_val.R","coverage"
"D:/Users/martensn/BRAIN_DRAIN/Code/new/03_crosswalk_val.R","deg_awarded"
"D:/Users/martensn/BRAIN_DRAIN/Code/new/03_crosswalk_val.R","degree"
"D:/Users/martensn/BRAIN_DRAIN/Code/new/03_crosswalk_val.R","hs_agency_id"
"D:/Users/martensn/BRAIN_DRAIN/Code/new/03_crosswalk_val.R","hs_agency_name"
"D:/Users/martensn/BRAIN_DRAIN/Code/new/03_crosswalk_val.R","hs_id"
"D:/Users/martensn/BRAIN_DRAIN/Code/new/03_crosswalk_val.R","hs_name"
"D:/Users/martensn/BRAIN_DRAIN/Code/new/03_crosswalk_val.R","inst_control"
"D:/Users/martensn/BRAIN_DRAIN/Code/new/03_crosswalk_val.R","inst_name"
"D:/Users/martensn/BRAIN_DRAIN/Code/new/03_crosswalk_val.R","match_type"
"D:/Users/martensn/BRAIN_DRAIN/Code/new/03_crosswalk_val.R","n"
"D:/Users/martensn/BRAIN_DRAIN/Code/new/03_crosswalk_val.R","N"
"D:/Users/martensn/BRAIN_DRAIN/Code/new/03_crosswalk_val.R","n_grads"
"D:/Users/martensn/BRAIN_DRAIN/Code/new/03_crosswalk_val.R","opeid"
"D:/Users/martensn/BRAIN_DRAIN/Code/new/03_crosswalk_val.R","parent_university"
"D:/Users/martensn/BRAIN_DRAIN/Code/new/03_crosswalk_val.R","rsid"
"D:/Users/martensn/BRAIN_DRAIN/Code/new/03_crosswalk_val.R","state_abbr"
"D:/Users/martensn/BRAIN_DRAIN/Code/new/03_crosswalk_val.R","string_method"
"D:/Users/martensn/BRAIN_DRAIN/Code/new/03_crosswalk_val.R","system_flag"
"D:/Users/martensn/BRAIN_DRAIN/Code/new/03_crosswalk_val.R","system_indicator"
"D:/Users/martensn/BRAIN_DRAIN/Code/new/03_crosswalk_val.R","system_name"
"D:/Users/martensn/BRAIN_DRAIN/Code/new/03_crosswalk_val.R","unitid"
"D:/Users/martensn/BRAIN_DRAIN/Code/new/03_crosswalk_val.R","university_name"
"D:/Users/martensn/BRAIN_DRAIN/Code/new/04_col_hs_construct.R",".I"
"D:/Users/martensn/BRAIN_DRAIN/Code/new/04_col_hs_construct.R",".N"
"D:/Users/martensn/BRAIN_DRAIN/Code/new/04_col_hs_construct.R",".SD"
"D:/Users/martensn/BRAIN_DRAIN/Code/new/04_col_hs_construct.R","ambiguous_name"
"D:/Users/martensn/BRAIN_DRAIN/Code/new/04_col_hs_construct.R","ba_corrected_flag"
"D:/Users/martensn/BRAIN_DRAIN/Code/new/04_col_hs_construct.R","ba_degree"
"D:/Users/martensn/BRAIN_DRAIN/Code/new/04_col_hs_construct.R","ba_duplicate"
"D:/Users/martensn/BRAIN_DRAIN/Code/new/04_col_hs_construct.R","ba_end"
"D:/Users/martensn/BRAIN_DRAIN/Code/new/04_col_hs_construct.R","ba_opeid"
"D:/Users/martensn/BRAIN_DRAIN/Code/new/04_col_hs_construct.R","ba_school"
"D:/Users/martensn/BRAIN_DRAIN/Code/new/04_col_hs_construct.R","ba_state"
"D:/Users/martensn/BRAIN_DRAIN/Code/new/04_col_hs_construct.R","ba_unitid"
"D:/Users/martensn/BRAIN_DRAIN/Code/new/04_col_hs_construct.R","chosen_source"
"D:/Users/martensn/BRAIN_DRAIN/Code/new/04_col_hs_construct.R","col_degree"
"D:/Users/martensn/BRAIN_DRAIN/Code/new/04_col_hs_construct.R","col_degree_ba"
"D:/Users/martensn/BRAIN_DRAIN/Code/new/04_col_hs_construct.R","col_end"
"D:/Users/martensn/BRAIN_DRAIN/Code/new/04_col_hs_construct.R","col_fips"
"D:/Users/martensn/BRAIN_DRAIN/Code/new/04_col_hs_construct.R","col_mislabel"
"D:/Users/martensn/BRAIN_DRAIN/Code/new/04_col_hs_construct.R","col_opeid"
"D:/Users/martensn/BRAIN_DRAIN/Code/new/04_col_hs_construct.R","col_rsid"
"D:/Users/martensn/BRAIN_DRAIN/Code/new/04_col_hs_construct.R","col_shr"
"D:/Users/martensn/BRAIN_DRAIN/Code/new/04_col_hs_construct.R","col_state"
"D:/Users/martensn/BRAIN_DRAIN/Code/new/04_col_hs_construct.R","col_string"
"D:/Users/martensn/BRAIN_DRAIN/Code/new/04_col_hs_construct.R","col_unitid"
"D:/Users/martensn/BRAIN_DRAIN/Code/new/04_col_hs_construct.R","cross_key"
"D:/Users/martensn/BRAIN_DRAIN/Code/new/04_col_hs_construct.R","degree"
"D:/Users/martensn/BRAIN_DRAIN/Code/new/04_col_hs_construct.R","degree_ba"
"D:/Users/martensn/BRAIN_DRAIN/Code/new/04_col_hs_construct.R","degree_clean"
"D:/Users/martensn/BRAIN_DRAIN/Code/new/04_col_hs_construct.R","degree_rank"
"D:/Users/martensn/BRAIN_DRAIN/Code/new/04_col_hs_construct.R","draw_prob"
"D:/Users/martensn/BRAIN_DRAIN/Code/new/04_col_hs_construct.R","enddate"
"D:/Users/martensn/BRAIN_DRAIN/Code/new/04_col_hs_construct.R","enroll_in"
"D:/Users/martensn/BRAIN_DRAIN/Code/new/04_col_hs_construct.R","enroll_out"
"D:/Users/martensn/BRAIN_DRAIN/Code/new/04_col_hs_construct.R","enrollment_fall"
"D:/Users/martensn/BRAIN_DRAIN/Code/new/04_col_hs_construct.R","extra_opeid"
"D:/Users/martensn/BRAIN_DRAIN/Code/new/04_col_hs_construct.R","extra_unitid"
"D:/Users/martensn/BRAIN_DRAIN/Code/new/04_col_hs_construct.R","fips"
"D:/Users/martensn/BRAIN_DRAIN/Code/new/04_col_hs_construct.R","hs_agency_id"
"D:/Users/martensn/BRAIN_DRAIN/Code/new/04_col_hs_construct.R","hs_ambiguous_name"
"D:/Users/martensn/BRAIN_DRAIN/Code/new/04_col_hs_construct.R","hs_end"
"D:/Users/martensn/BRAIN_DRAIN/Code/new/04_col_hs_construct.R","hs_id"
"D:/Users/martensn/BRAIN_DRAIN/Code/new/04_col_hs_construct.R","hs_id_match"
"D:/Users/martensn/BRAIN_DRAIN/Code/new/04_col_hs_construct.R","hs_match_status"
"D:/Users/martensn/BRAIN_DRAIN/Code/new/04_col_hs_construct.R","hs_rsid"
"D:/Users/martensn/BRAIN_DRAIN/Code/new/04_col_hs_construct.R","hs_state"
"D:/Users/martensn/BRAIN_DRAIN/Code/new/04_col_hs_construct.R","hs_string"
"D:/Users/martensn/BRAIN_DRAIN/Code/new/04_col_hs_construct.R","i.degree"
"D:/Users/martensn/BRAIN_DRAIN/Code/new/04_col_hs_construct.R","i.li_earliest_degree"
"D:/Users/martensn/BRAIN_DRAIN/Code/new/04_col_hs_construct.R","i.li_earliest_enddate"
"D:/Users/martensn/BRAIN_DRAIN/Code/new/04_col_hs_construct.R","i.li_earliest_opeid"
"D:/Users/martensn/BRAIN_DRAIN/Code/new/04_col_hs_construct.R","i.li_earliest_state"
"D:/Users/martensn/BRAIN_DRAIN/Code/new/04_col_hs_construct.R","i.li_earliest_unitid"
"D:/Users/martensn/BRAIN_DRAIN/Code/new/04_col_hs_construct.R","i.li_earliest_university_name"
"D:/Users/martensn/BRAIN_DRAIN/Code/new/04_col_hs_construct.R","imputed_flow"
"D:/Users/martensn/BRAIN_DRAIN/Code/new/04_col_hs_construct.R","in_state"
"D:/Users/martensn/BRAIN_DRAIN/Code/new/04_col_hs_construct.R","inst_control"
"D:/Users/martensn/BRAIN_DRAIN/Code/new/04_col_hs_construct.R","inst_name"
"D:/Users/martensn/BRAIN_DRAIN/Code/new/04_col_hs_construct.R","ipeds_instate_shr"
"D:/Users/martensn/BRAIN_DRAIN/Code/new/04_col_hs_construct.R","level"
"D:/Users/martensn/BRAIN_DRAIN/Code/new/04_col_hs_construct.R","li_earliest_degree"
"D:/Users/martensn/BRAIN_DRAIN/Code/new/04_col_hs_construct.R","li_earliest_enddate"
"D:/Users/martensn/BRAIN_DRAIN/Code/new/04_col_hs_construct.R","li_earliest_opeid"
"D:/Users/martensn/BRAIN_DRAIN/Code/new/04_col_hs_construct.R","li_earliest_state"
"D:/Users/martensn/BRAIN_DRAIN/Code/new/04_col_hs_construct.R","li_earliest_unitid"
"D:/Users/martensn/BRAIN_DRAIN/Code/new/04_col_hs_construct.R","li_earliest_university_name"
"D:/Users/martensn/BRAIN_DRAIN/Code/new/04_col_hs_construct.R","match_type"
"D:/Users/martensn/BRAIN_DRAIN/Code/new/04_col_hs_construct.R","n"
"D:/Users/martensn/BRAIN_DRAIN/Code/new/04_col_hs_construct.R","n_grads"
"D:/Users/martensn/BRAIN_DRAIN/Code/new/04_col_hs_construct.R","opeid"
"D:/Users/martensn/BRAIN_DRAIN/Code/new/04_col_hs_construct.R","p_nat"
"D:/Users/martensn/BRAIN_DRAIN/Code/new/04_col_hs_construct.R","raw_p"
"D:/Users/martensn/BRAIN_DRAIN/Code/new/04_col_hs_construct.R","row_id"
"D:/Users/martensn/BRAIN_DRAIN/Code/new/04_col_hs_construct.R","rsid"
"D:/Users/martensn/BRAIN_DRAIN/Code/new/04_col_hs_construct.R","score"
"D:/Users/martensn/BRAIN_DRAIN/Code/new/04_col_hs_construct.R","source"
"D:/Users/martensn/BRAIN_DRAIN/Code/new/04_col_hs_construct.R","state_abbr"
"D:/Users/martensn/BRAIN_DRAIN/Code/new/04_col_hs_construct.R","state_of_residence"
"D:/Users/martensn/BRAIN_DRAIN/Code/new/04_col_hs_construct.R","state_prob"
"D:/Users/martensn/BRAIN_DRAIN/Code/new/04_col_hs_construct.R","string_method"
"D:/Users/martensn/BRAIN_DRAIN/Code/new/04_col_hs_construct.R","system_indicator"
"D:/Users/martensn/BRAIN_DRAIN/Code/new/04_col_hs_construct.R","type_of_freshman"
"D:/Users/martensn/BRAIN_DRAIN/Code/new/04_col_hs_construct.R","unitid"
"D:/Users/martensn/BRAIN_DRAIN/Code/new/04_col_hs_construct.R","university_name"
"D:/Users/martensn/BRAIN_DRAIN/Code/new/04_col_hs_construct.R","user_id"
"D:/Users/martensn/BRAIN_DRAIN/Code/new/04_col_hs_construct.R","year"
"D:/Users/martensn/BRAIN_DRAIN/Code/new/04_col_hs_construct.R","yrs_post_hs"
"D:/Users/martensn/BRAIN_DRAIN/Code/new/05_demographics.R",".N"
"D:/Users/martensn/BRAIN_DRAIN/Code/new/05_demographics.R",".SD"
"D:/Users/martensn/BRAIN_DRAIN/Code/new/05_demographics.R","any_grad"
"D:/Users/martensn/BRAIN_DRAIN/Code/new/05_demographics.R","associate_school"
"D:/Users/martensn/BRAIN_DRAIN/Code/new/05_demographics.R","ba_end"
"D:/Users/martensn/BRAIN_DRAIN/Code/new/05_demographics.R","ba_opeid"
"D:/Users/martensn/BRAIN_DRAIN/Code/new/05_demographics.R","ba_transfer_school"
"D:/Users/martensn/BRAIN_DRAIN/Code/new/05_demographics.R","ba_unitid"
"D:/Users/martensn/BRAIN_DRAIN/Code/new/05_demographics.R","ba_year"
"D:/Users/martensn/BRAIN_DRAIN/Code/new/05_demographics.R","black_indicator"
"D:/Users/martensn/BRAIN_DRAIN/Code/new/05_demographics.R","category"
"D:/Users/martensn/BRAIN_DRAIN/Code/new/05_demographics.R","census_division"
"D:/Users/martensn/BRAIN_DRAIN/Code/new/05_demographics.R","census_region"
"D:/Users/martensn/BRAIN_DRAIN/Code/new/05_demographics.R","doctor_school"
"D:/Users/martensn/BRAIN_DRAIN/Code/new/05_demographics.R","hs_id"
"D:/Users/martensn/BRAIN_DRAIN/Code/new/05_demographics.R","master_school"
"D:/Users/martensn/BRAIN_DRAIN/Code/new/05_demographics.R","mba_school"
"D:/Users/martensn/BRAIN_DRAIN/Code/new/05_demographics.R","N"
"D:/Users/martensn/BRAIN_DRAIN/Code/new/05_demographics.R","race_draw"
"D:/Users/martensn/BRAIN_DRAIN/Code/new/05_demographics.R","section"
"D:/Users/martensn/BRAIN_DRAIN/Code/new/05_demographics.R","sex_draw"
"D:/Users/martensn/BRAIN_DRAIN/Code/new/05_demographics.R","stat"
"D:/Users/martensn/BRAIN_DRAIN/Code/new/05_demographics.R","user_id"
"D:/Users/martensn/BRAIN_DRAIN/Code/new/05_demographics.R","value"
"D:/Users/martensn/BRAIN_DRAIN/Code/new/05_demographics.R","variable"
"D:/Users/martensn/BRAIN_DRAIN/Code/new/06_census.R","adj_count"
"D:/Users/martensn/BRAIN_DRAIN/Code/new/06_census.R","adj_state_count"
"D:/Users/martensn/BRAIN_DRAIN/Code/new/06_census.R","age"
"D:/Users/martensn/BRAIN_DRAIN/Code/new/06_census.R","AGEP"
"D:/Users/martensn/BRAIN_DRAIN/Code/new/06_census.R","annual_shr"
"D:/Users/martensn/BRAIN_DRAIN/Code/new/06_census.R","awards_6digit"
"D:/Users/martensn/BRAIN_DRAIN/Code/new/06_census.R","birth_cohort"
"D:/Users/martensn/BRAIN_DRAIN/Code/new/06_census.R","cipcode_6digit"
"D:/Users/martensn/BRAIN_DRAIN/Code/new/06_census.R","cohort"
"D:/Users/martensn/BRAIN_DRAIN/Code/new/06_census.R","cohort_rev"
"D:/Users/martensn/BRAIN_DRAIN/Code/new/06_census.R","cohort_year"
"D:/Users/martensn/BRAIN_DRAIN/Code/new/06_census.R","emp"
"D:/Users/martensn/BRAIN_DRAIN/Code/new/06_census.R","enrollment_fall"
"D:/Users/martensn/BRAIN_DRAIN/Code/new/06_census.R","entry_cohort"
"D:/Users/martensn/BRAIN_DRAIN/Code/new/06_census.R","esr"
"D:/Users/martensn/BRAIN_DRAIN/Code/new/06_census.R","ESR"
"D:/Users/martensn/BRAIN_DRAIN/Code/new/06_census.R","fips"
"D:/Users/martensn/BRAIN_DRAIN/Code/new/06_census.R","min_year"
"D:/Users/martensn/BRAIN_DRAIN/Code/new/06_census.R","n"
"D:/Users/martensn/BRAIN_DRAIN/Code/new/06_census.R","non_complete_shr"
"D:/Users/martensn/BRAIN_DRAIN/Code/new/06_census.R","non_completion_rate"
"D:/Users/martensn/BRAIN_DRAIN/Code/new/06_census.R","PWGTP"
"D:/Users/martensn/BRAIN_DRAIN/Code/new/06_census.R","race"
"D:/Users/martensn/BRAIN_DRAIN/Code/new/06_census.R","raw_grad_rates"
"D:/Users/martensn/BRAIN_DRAIN/Code/new/06_census.R","SCHL"
"D:/Users/martensn/BRAIN_DRAIN/Code/new/06_census.R","sex"
"D:/Users/martensn/BRAIN_DRAIN/Code/new/06_census.R","shr"
"D:/Users/martensn/BRAIN_DRAIN/Code/new/06_census.R","shr_hc_adj"
"D:/Users/martensn/BRAIN_DRAIN/Code/new/06_census.R","shr_non_complete_adj"
"D:/Users/martensn/BRAIN_DRAIN/Code/new/06_census.R","shr_state"
"D:/Users/martensn/BRAIN_DRAIN/Code/new/06_census.R","STATE"
"D:/Users/martensn/BRAIN_DRAIN/Code/new/06_census.R","state_of_residence"
"D:/Users/martensn/BRAIN_DRAIN/Code/new/06_census.R","subcohort"
"D:/Users/martensn/BRAIN_DRAIN/Code/new/06_census.R","total_enroll"
"D:/Users/martensn/BRAIN_DRAIN/Code/new/06_census.R","type_of_freshman"
"D:/Users/martensn/BRAIN_DRAIN/Code/new/06_census.R","unitid"
"D:/Users/martensn/BRAIN_DRAIN/Code/new/06_census.R","year"
"D:/Users/martensn/BRAIN_DRAIN/Code/new/06_census.R","year_in_school"
"D:/Users/martensn/BRAIN_DRAIN/Code/new/06_census.R","yr_1"
"D:/Users/martensn/BRAIN_DRAIN/Code/new/06_census.R","yr_1_to_4_complete"
"D:/Users/martensn/BRAIN_DRAIN/Code/new/06_census.R","yr_2"
"D:/Users/martensn/BRAIN_DRAIN/Code/new/06_census.R","yr_3"
"D:/Users/martensn/BRAIN_DRAIN/Code/new/06_census.R","yr_4"
"D:/Users/martensn/BRAIN_DRAIN/Code/new/06_census.R","yr_4_to_6_complete"
"D:/Users/martensn/BRAIN_DRAIN/Code/new/06_census.R","yr_5"
"D:/Users/martensn/BRAIN_DRAIN/Code/new/06_census.R","yr_6"
"D:/Users/martensn/BRAIN_DRAIN/Code/new/06_census.R","yr_6_to_8_complete"
"D:/Users/martensn/BRAIN_DRAIN/Code/new/06_census.R","yr_7"
"D:/Users/martensn/BRAIN_DRAIN/Code/new/06_census.R","yr_8"
